-- SQL INSERT statements generated from production-missing-data.md
-- Generated on: 2026-02-09 17:23:36.480826

-- INSERT statements for ingredients
INSERT INTO ingredients (id, created_at, updated_at, current_stock, name, reorder_level, supplier, unit, unit_cost) VALUES ('00e488e4-1db8-477e-b3d5-cc08473ab342', '2026-01-27 13:17:06.022182+00', '2026-01-27 13:17:06.022182+00', '20.000', 'CCK Logo', '20.000', NULL, 'pieces', '1.00');
INSERT INTO ingredients (id, created_at, updated_at, current_stock, name, reorder_level, supplier, unit, unit_cost) VALUES ('013e571f-a016-4ea6-bbb8-fcf1396c2b72', '2026-01-27 13:23:50.073749+00', '2026-01-27 13:23:50.073749+00', '50.000', 'Ice gel pack 150g', '10.000', NULL, 'pieces', '5.00');
INSERT INTO ingredients (id, created_at, updated_at, current_stock, name, reorder_level, supplier, unit, unit_cost) VALUES ('02b3165a-3468-4250-b54c-4d287c34de65', '2026-01-27 13:17:03.348072+00', '2026-01-27 13:17:03.348072+00', '10.000', 'Cookie Jar', '10.000', NULL, 'pieces', '10.00');
INSERT INTO ingredients (id, created_at, updated_at, current_stock, name, reorder_level, supplier, unit, unit_cost) VALUES ('0659df84-38c0-46d0-8f99-74f8312b56ff', '2026-01-27 13:17:02.716745+00', '2026-01-27 13:17:02.716745+00', '250.000', '70g SUP', '250.000', NULL, 'pieces', '3.25');
INSERT INTO ingredients (id, created_at, updated_at, current_stock, name, reorder_level, supplier, unit, unit_cost) VALUES ('090f32a0-3447-4292-838f-f91e6d7a1636', '2026-01-27 13:17:05.10646+00', '2026-01-27 13:17:05.10646+00', '10.000', 'Nurture Label', '10.000', NULL, 'pieces', '1.00');
INSERT INTO ingredients (id, created_at, updated_at, current_stock, name, reorder_level, supplier, unit, unit_cost) VALUES ('0b19bfb3-3e32-4a91-b939-4f1ff698aacb', '2026-01-27 13:17:02.518109+00', '2026-01-27 13:17:02.518109+00', '250.000', 'Seasonal Veggies', '250.000', NULL, 'g', '1.00');
INSERT INTO ingredients (id, created_at, updated_at, current_stock, name, reorder_level, supplier, unit, unit_cost) VALUES ('0f19bc57-2a8a-4dee-9c0c-6382817b24da', '2026-01-27 13:17:02.949131+00', '2026-01-27 13:17:02.949131+00', '50.000', '100ml Spout Pouch', '50.000', NULL, 'pieces', '4.00');
INSERT INTO ingredients (id, created_at, updated_at, current_stock, name, reorder_level, supplier, unit, unit_cost) VALUES ('108e088d-9bb2-44d2-9c99-0e0ddfec38ab', '2026-01-27 13:16:58.08729+00', '2026-01-27 13:16:58.08729+00', '500.000', 'Oats', '500.000', NULL, 'g', '1.00');
INSERT INTO ingredients (id, created_at, updated_at, current_stock, name, reorder_level, supplier, unit, unit_cost) VALUES ('1d8b024e-d27a-44e7-842c-5c7dc8b9821e', '2026-01-27 13:17:01.299777+00', '2026-01-27 13:17:01.299777+00', '500.000', 'Rice Flour', '500.000', NULL, 'g', '1.00');
INSERT INTO ingredients (id, created_at, updated_at, current_stock, name, reorder_level, supplier, unit, unit_cost) VALUES ('22122e91-3891-4b01-b8be-cdd8f5fb5c07', '2026-01-27 13:17:03.755608+00', '2026-01-27 13:17:03.755608+00', '8.000', 'Thermocol Box', '8.000', NULL, 'pieces', '1.00');
INSERT INTO ingredients (id, created_at, updated_at, current_stock, name, reorder_level, supplier, unit, unit_cost) VALUES ('2582b45a-a9ae-425c-9fd2-185a6dcba681', '2026-01-27 13:16:57.830321+00', '2026-01-27 13:16:57.830321+00', '10.000', 'Eggs', '10.000', NULL, 'pieces', '1.00');
INSERT INTO ingredients (id, created_at, updated_at, current_stock, name, reorder_level, supplier, unit, unit_cost) VALUES ('26f0036c-04cf-4f5f-8bdd-cc18e9aa08a3', '2026-01-27 13:16:58.345443+00', '2026-01-27 13:16:58.345443+00', '50.000', 'Flaxseeds', '50.000', NULL, 'g', '1.00');
INSERT INTO ingredients (id, created_at, updated_at, current_stock, name, reorder_level, supplier, unit, unit_cost) VALUES ('2a7104b9-3253-4ee9-827a-6c86e7d1433d', '2026-01-27 13:17:04.682961+00', '2026-01-27 13:17:04.682961+00', '10.000', 'Power Label', '10.000', NULL, 'pieces', '1.00');
INSERT INTO ingredients (id, created_at, updated_at, current_stock, name, reorder_level, supplier, unit, unit_cost) VALUES ('3d06baf4-8acd-4707-9f61-4b8eebfe74ae', '2026-01-27 13:17:02.108185+00', '2026-01-27 13:17:02.108185+00', '250.000', 'Carrots', '250.000', NULL, 'g', '1.00');
INSERT INTO ingredients (id, created_at, updated_at, current_stock, name, reorder_level, supplier, unit, unit_cost) VALUES ('4a4d050a-63db-4a7f-9da1-05f93957976a', '2026-01-27 13:17:00.891403+00', '2026-01-27 13:17:00.891403+00', '99999999.000', 'Water', '99999999.000', NULL, 'ltr', '1.00');
INSERT INTO ingredients (id, created_at, updated_at, current_stock, name, reorder_level, supplier, unit, unit_cost) VALUES ('4f6cfad7-5410-4dc9-8774-6ff7be882eef', '2026-01-27 13:17:00.069957+00', '2026-01-27 13:17:00.069957+00', '0.000', 'Basa', '0.000', NULL, 'g', '1.00');
INSERT INTO ingredients (id, created_at, updated_at, current_stock, name, reorder_level, supplier, unit, unit_cost) VALUES ('507385dc-a6e6-4e85-8350-d9f488abf33e', '2026-01-27 13:17:00.488865+00', '2026-01-27 13:17:00.488865+00', '250.000', 'Coconut Oil', '250.000', NULL, 'ml', '1.00');
INSERT INTO ingredients (id, created_at, updated_at, current_stock, name, reorder_level, supplier, unit, unit_cost) VALUES ('50e214f9-3d35-47ad-b013-a064ec3121f1', '2026-01-27 13:17:00.288092+00', '2026-01-27 13:17:00.288092+00', '1000.000', 'Bone Broth', '1000.000', NULL, 'ml', '1.00');
INSERT INTO ingredients (id, created_at, updated_at, current_stock, name, reorder_level, supplier, unit, unit_cost) VALUES ('5519b3d3-b4f2-4deb-bde9-3c4a1c19a8e9', '2026-01-27 13:17:04.379787+00', '2026-01-27 13:17:04.379787+00', '10.000', 'Vitality Label', '10.000', NULL, 'pieces', '1.00');
INSERT INTO ingredients (id, created_at, updated_at, current_stock, name, reorder_level, supplier, unit, unit_cost) VALUES ('58f0837c-1306-456f-b797-2c4fb9b8fb59', '2026-01-27 13:16:57.61786+00', '2026-01-27 13:16:57.61786+00', '1000.000', 'Rice', '1000.000', NULL, 'g', '1.00');
INSERT INTO ingredients (id, created_at, updated_at, current_stock, name, reorder_level, supplier, unit, unit_cost) VALUES ('82ffad73-32c0-44da-a8a5-c5d0bfea8a33', '2026-01-27 13:16:58.653512+00', '2026-01-27 13:16:58.653512+00', '100.000', 'Salmon Fish Oil', '100.000', NULL, 'ml', '1.00');
INSERT INTO ingredients (id, created_at, updated_at, current_stock, name, reorder_level, supplier, unit, unit_cost) VALUES ('8e0efb82-7f60-4272-8705-c915a07c24d0', '2026-01-27 13:17:05.508328+00', '2026-01-27 13:17:05.508328+00', '10.000', 'Bone Rich Label', '10.000', NULL, 'pieces', '1.00');
INSERT INTO ingredients (id, created_at, updated_at, current_stock, name, reorder_level, supplier, unit, unit_cost) VALUES ('90b41140-164a-4ccf-bee2-6968d5b7ccb7', '2026-01-27 13:17:04.173716+00', '2026-01-27 13:17:04.173716+00', '10.000', 'Nourish Label', '10.000', NULL, 'pieces', '1.00');
INSERT INTO ingredients (id, created_at, updated_at, current_stock, name, reorder_level, supplier, unit, unit_cost) VALUES ('97a202a6-acfc-40a7-b203-2db8e7375464', '2026-01-27 13:17:01.54647+00', '2026-01-27 13:17:01.54647+00', '0.000', 'Banana', '0.000', NULL, 'g', '1.00');
INSERT INTO ingredients (id, created_at, updated_at, current_stock, name, reorder_level, supplier, unit, unit_cost) VALUES ('9ceb2fd4-8ec1-420d-a4bf-2696851fd2eb', '2026-01-27 13:17:04.896378+00', '2026-01-27 13:17:04.896378+00', '10.000', 'Supreme Label', '10.000', NULL, 'pieces', '1.00');
INSERT INTO ingredients (id, created_at, updated_at, current_stock, name, reorder_level, supplier, unit, unit_cost) VALUES ('a9f9c759-e463-44dd-81b1-c58f559385d1', '2026-01-27 13:16:59.362027+00', '2026-01-27 13:16:59.362027+00', '200.000', 'Hearts', '200.000', NULL, 'g', '1.00');
INSERT INTO ingredients (id, created_at, updated_at, current_stock, name, reorder_level, supplier, unit, unit_cost) VALUES ('ae2254d8-0da8-4eb1-b887-2018f6ca1dbb', '2026-01-27 13:16:58.946919+00', '2026-01-27 13:16:58.946919+00', '500.000', 'Eggshell Powder', '500.000', NULL, 'g', '1.00');
INSERT INTO ingredients (id, created_at, updated_at, current_stock, name, reorder_level, supplier, unit, unit_cost) VALUES ('b31f2fcc-bf7c-4ea1-9307-912cc13c9330', '2026-01-27 13:16:59.569477+00', '2026-01-27 13:16:59.569477+00', '40.000', 'Seaweed Topper', '40.000', NULL, 'g', '1.00');
INSERT INTO ingredients (id, created_at, updated_at, current_stock, name, reorder_level, supplier, unit, unit_cost) VALUES ('bc517351-5de5-4916-a770-088ef90a0c9a', '2026-01-27 13:17:01.779696+00', '2026-01-27 13:17:01.779696+00', '250.000', 'Beetroot', '250.000', NULL, 'g', '1.00');
INSERT INTO ingredients (id, created_at, updated_at, current_stock, name, reorder_level, supplier, unit, unit_cost) VALUES ('bd6bdf89-d073-4d33-815f-aa71046ca4de', '2026-01-27 13:16:59.145104+00', '2026-01-27 13:16:59.145104+00', '500.000', 'Liver', '500.000', NULL, 'g', '1.00');
INSERT INTO ingredients (id, created_at, updated_at, current_stock, name, reorder_level, supplier, unit, unit_cost) VALUES ('c0f69793-b6bb-4498-bfd1-9051c965fbe6', '2026-01-27 13:16:59.775472+00', '2026-01-27 13:16:59.775472+00', '0.000', 'Tuna', '0.000', NULL, 'g', '1.00');
INSERT INTO ingredients (id, created_at, updated_at, current_stock, name, reorder_level, supplier, unit, unit_cost) VALUES ('ca320781-2260-43c2-b0cb-f861a1753697', '2026-01-27 13:17:05.805506+00', '2026-01-27 13:17:05.805506+00', '10.000', 'Essence Label', '10.000', NULL, 'pieces', '1.00');
INSERT INTO ingredients (id, created_at, updated_at, current_stock, name, reorder_level, supplier, unit, unit_cost) VALUES ('cf817f05-752e-41d6-84ab-d4e3ad4e201a', '2026-01-27 13:17:03.146948+00', '2026-01-27 13:17:03.146948+00', '50.000', 'Cupcake Box', '50.000', NULL, 'pieces', '6.00');
INSERT INTO ingredients (id, created_at, updated_at, current_stock, name, reorder_level, supplier, unit, unit_cost) VALUES ('d5e0de2b-9d2e-44dc-a3dd-ee89df9fe4a5', '2026-01-27 13:16:57.115179+00', '2026-01-27 13:16:57.115179+00', '1000.000', 'Chicken', '1000.000', NULL, 'g', '1.00');
INSERT INTO ingredients (id, created_at, updated_at, current_stock, name, reorder_level, supplier, unit, unit_cost) VALUES ('daf4bac9-a8c0-43cc-9204-eda92c94f7ae', '2026-01-27 13:17:01.09368+00', '2026-01-27 13:17:01.09368+00', '500.000', 'Gram Flour', '500.000', NULL, 'g', '1.00');
INSERT INTO ingredients (id, created_at, updated_at, current_stock, name, reorder_level, supplier, unit, unit_cost) VALUES ('e15509f3-eda9-4b12-8cfc-6903fbaada74', '2026-01-27 13:17:05.301059+00', '2026-01-27 13:17:05.301059+00', '10.000', 'Thrive Label', '10.000', NULL, 'pieces', '1.00');
INSERT INTO ingredients (id, created_at, updated_at, current_stock, name, reorder_level, supplier, unit, unit_cost) VALUES ('e9492788-8a2e-4289-b051-a2a55210a69a', '2026-01-27 13:17:03.964516+00', '2026-01-27 13:17:03.964516+00', '100.000', 'Brown Paper Bag', '100.000', NULL, 'pieces', '1.00');
INSERT INTO ingredients (id, created_at, updated_at, current_stock, name, reorder_level, supplier, unit, unit_cost) VALUES ('f4c640cd-44d4-4dea-b3e0-12e7add14be4', '2026-01-27 13:17:02.307544+00', '2026-01-27 13:17:02.307544+00', '0.000', 'Apples', '0.000', NULL, 'g', '1.00');
INSERT INTO ingredients (id, created_at, updated_at, current_stock, name, reorder_level, supplier, unit, unit_cost) VALUES ('f7d8b7bb-ed16-4501-9122-9e3702797000', '2026-01-27 13:17:00.689271+00', '2026-01-27 13:17:00.689271+00', '0.000', 'Chicken Bones', '0.000', NULL, 'g', '1.00');
INSERT INTO ingredients (id, created_at, updated_at, current_stock, name, reorder_level, supplier, unit, unit_cost) VALUES ('f84ef720-bced-4f61-bb2f-7067e7282bdc', '2026-01-27 13:16:57.334526+00', '2026-01-27 13:16:57.334526+00', '250.000', 'Pumpkin', '250.000', NULL, 'g', '1.00');

-- INSERT statements for product_ingredients
INSERT INTO product_ingredients (id, created_at, ingredient_id, percentage, product_id) VALUES ('05fc196b-e813-40aa-8b88-6aadeed58298', '2026-01-27 13:17:15.542699+00', 'f84ef720-bced-4f61-bb2f-7067e7282bdc', '15.00', 'e019ccf1-3a0e-4cd1-adca-3910635c3161');
INSERT INTO product_ingredients (id, created_at, ingredient_id, percentage, product_id) VALUES ('0aef3a5c-80e1-49ba-95d6-b6a09cdf7af0', '2026-01-27 13:17:25.681051+00', '507385dc-a6e6-4e85-8350-d9f488abf33e', '5.90', '90310ac1-6f99-4c07-8e3e-68677ffcc96f');
INSERT INTO product_ingredients (id, created_at, ingredient_id, percentage, product_id) VALUES ('16d284fd-fc29-4a15-932f-f221a822f343', '2026-01-27 13:17:25.876671+00', '4a4d050a-63db-4a7f-9da1-05f93957976a', '29.40', '90310ac1-6f99-4c07-8e3e-68677ffcc96f');
INSERT INTO product_ingredients (id, created_at, ingredient_id, percentage, product_id) VALUES ('18aacc65-193f-4c43-baff-3ae552c12ca0', '2026-01-27 13:17:17.080256+00', '108e088d-9bb2-44d2-9c99-0e0ddfec38ab', '20.00', '35a83797-69af-4257-8178-35894f481b02');
INSERT INTO product_ingredients (id, created_at, ingredient_id, percentage, product_id) VALUES ('1a355f13-a279-467d-971e-48325c0c57eb', '2026-01-27 13:17:18.005202+00', '2582b45a-a9ae-425c-9fd2-185a6dcba681', '25.00', '4a45f496-00fc-43c0-ba34-1137e56ec9be');
INSERT INTO product_ingredients (id, created_at, ingredient_id, percentage, product_id) VALUES ('1a9dd99b-cde0-4cc6-8ec2-9bb13e560cf9', '2026-01-27 13:17:11.859868+00', 'b31f2fcc-bf7c-4ea1-9307-912cc13c9330', '2.00', '7bd899d2-e50e-4af5-b574-59b5bf4ca5ee');
INSERT INTO product_ingredients (id, created_at, ingredient_id, percentage, product_id) VALUES ('1f1dd33e-73e0-40ec-84bd-691fddde075a', '2026-01-27 13:17:15.138608+00', 'd5e0de2b-9d2e-44dc-a3dd-ee89df9fe4a5', '35.00', 'e019ccf1-3a0e-4cd1-adca-3910635c3161');
INSERT INTO product_ingredients (id, created_at, ingredient_id, percentage, product_id) VALUES ('22031a9b-8868-4d33-9995-3b28e804fef6', '2026-01-27 13:17:16.053614+00', '507385dc-a6e6-4e85-8350-d9f488abf33e', '5.00', 'e019ccf1-3a0e-4cd1-adca-3910635c3161');
INSERT INTO product_ingredients (id, created_at, ingredient_id, percentage, product_id) VALUES ('2597c583-87b9-40c8-ba1c-7565c1eb1f39', '2026-01-27 13:17:25.397385+00', '97a202a6-acfc-40a7-b203-2db8e7375464', '5.90', 'ed3392a2-2738-4c05-9717-cf43ad40e1be');
INSERT INTO product_ingredients (id, created_at, ingredient_id, percentage, product_id) VALUES ('2797013d-26fc-4b7e-919e-625967a35b48', '2026-01-27 13:17:19.640564+00', '2582b45a-a9ae-425c-9fd2-185a6dcba681', '25.00', 'f29a33a5-a354-42e0-a1cd-6713cbdfc61e');
INSERT INTO product_ingredients (id, created_at, ingredient_id, percentage, product_id) VALUES ('284c29fa-2f5e-41f6-b628-d695d255c1c2', '2026-01-27 13:17:23.94003+00', 'd5e0de2b-9d2e-44dc-a3dd-ee89df9fe4a5', '25.00', 'de648df5-cd0f-4e29-b53c-da676c55258f');
INSERT INTO product_ingredients (id, created_at, ingredient_id, percentage, product_id) VALUES ('28a968ac-f658-4944-8368-1a8fd11b7964', '2026-01-27 13:17:08.067894+00', '26f0036c-04cf-4f5f-8bdd-cc18e9aa08a3', '7.00', '7bc76252-827b-4429-ae6c-68e60dc07fb2');
INSERT INTO product_ingredients (id, created_at, ingredient_id, percentage, product_id) VALUES ('293e2a32-6ac8-432f-bf5f-634ff54aae4e', '2026-01-27 13:17:19.416191+00', 'd5e0de2b-9d2e-44dc-a3dd-ee89df9fe4a5', '30.00', 'f29a33a5-a354-42e0-a1cd-6713cbdfc61e');
INSERT INTO product_ingredients (id, created_at, ingredient_id, percentage, product_id) VALUES ('2a9fb777-300e-4653-ab25-0c216a0d7137', '2026-01-27 13:17:18.318297+00', 'f84ef720-bced-4f61-bb2f-7067e7282bdc', '15.00', '4a45f496-00fc-43c0-ba34-1137e56ec9be');
INSERT INTO product_ingredients (id, created_at, ingredient_id, percentage, product_id) VALUES ('2c3582e6-b256-46b5-bc34-d5f8ab210d02', '2026-01-27 13:17:18.617184+00', '108e088d-9bb2-44d2-9c99-0e0ddfec38ab', '20.00', '4a45f496-00fc-43c0-ba34-1137e56ec9be');
INSERT INTO product_ingredients (id, created_at, ingredient_id, percentage, product_id) VALUES ('31116e30-ad14-4db6-b4d7-6285d8cde319', '2026-01-27 13:17:06.77514+00', 'f84ef720-bced-4f61-bb2f-7067e7282bdc', '30.00', 'e017972d-4a82-4461-b24d-8a1fd72b5c71');
INSERT INTO product_ingredients (id, created_at, ingredient_id, percentage, product_id) VALUES ('324cf4ac-3f99-4789-87f3-defd811e11c3', '2026-01-27 13:17:20.562111+00', 'f4c640cd-44d4-4dea-b3e0-12e7add14be4', '5.00', 'f29a33a5-a354-42e0-a1cd-6713cbdfc61e');
INSERT INTO product_ingredients (id, created_at, ingredient_id, percentage, product_id) VALUES ('33ea6654-1eb6-4d95-b0ff-d7504c9e9946', '2026-01-27 13:17:18.923603+00', '507385dc-a6e6-4e85-8350-d9f488abf33e', '5.00', '4a45f496-00fc-43c0-ba34-1137e56ec9be');
INSERT INTO product_ingredients (id, created_at, ingredient_id, percentage, product_id) VALUES ('3b157e6b-e0e7-471a-a152-4fa0eaf8e0f6', '2026-01-27 13:17:22.100467+00', 'd5e0de2b-9d2e-44dc-a3dd-ee89df9fe4a5', '20.00', '82fc463b-2b19-4be4-ac0d-180d56322b4b');
INSERT INTO product_ingredients (id, created_at, ingredient_id, percentage, product_id) VALUES ('3d2c5643-5234-4c7e-828e-86781fb8e85e', '2026-01-27 13:17:26.704773+00', 'bc517351-5de5-4916-a770-088ef90a0c9a', '5.90', '90310ac1-6f99-4c07-8e3e-68677ffcc96f');
INSERT INTO product_ingredients (id, created_at, ingredient_id, percentage, product_id) VALUES ('3f33a5ed-d7ab-47a1-b1e2-e1b4c4cd4093', '2026-01-27 13:17:28.241998+00', '507385dc-a6e6-4e85-8350-d9f488abf33e', '5.90', '68e827a3-3eaa-4d3f-be58-084ea66f7d28');
INSERT INTO product_ingredients (id, created_at, ingredient_id, percentage, product_id) VALUES ('42215dc4-d29d-488f-a296-8a3fc30fbd18', '2026-01-27 13:17:06.979879+00', '58f0837c-1306-456f-b797-2c4fb9b8fb59', '10.00', 'e017972d-4a82-4461-b24d-8a1fd72b5c71');
INSERT INTO product_ingredients (id, created_at, ingredient_id, percentage, product_id) VALUES ('437e2fac-0eb1-4113-b0b7-9227264c34ee', '2026-01-27 13:17:12.157114+00', '4f6cfad7-5410-4dc9-8774-6ff7be882eef', '50.00', 'b97698ca-4b52-427e-bc57-e141e55d3493');
INSERT INTO product_ingredients (id, created_at, ingredient_id, percentage, product_id) VALUES ('43fd6d71-6c01-491b-9614-9b5519fb81d7', '2026-01-27 13:17:25.170816+00', '1d8b024e-d27a-44e7-842c-5c7dc8b9821e', '29.40', 'ed3392a2-2738-4c05-9717-cf43ad40e1be');
INSERT INTO product_ingredients (id, created_at, ingredient_id, percentage, product_id) VALUES ('44b823d2-4846-4777-acbd-dab1da12a648', '2026-01-27 13:17:27.423574+00', '4a4d050a-63db-4a7f-9da1-05f93957976a', '29.40', 'ccd26ecf-8059-4a27-a2db-6ae15da11ca4');
INSERT INTO product_ingredients (id, created_at, ingredient_id, percentage, product_id) VALUES ('45390edc-c738-4d71-84ad-5cc8d94ef418', '2026-01-27 13:17:26.100105+00', 'daf4bac9-a8c0-43cc-9204-eda92c94f7ae', '29.40', '90310ac1-6f99-4c07-8e3e-68677ffcc96f');
INSERT INTO product_ingredients (id, created_at, ingredient_id, percentage, product_id) VALUES ('457db96b-b2b4-4273-ae44-122446a12e95', '2026-01-27 13:17:09.497745+00', 'f84ef720-bced-4f61-bb2f-7067e7282bdc', '10.00', 'cb5b0c0d-80a8-4017-9fe7-9f69b1a5a042');
INSERT INTO product_ingredients (id, created_at, ingredient_id, percentage, product_id) VALUES ('458803aa-a8f4-492f-a179-406f77fd3307', '2026-01-27 13:17:14.302173+00', '108e088d-9bb2-44d2-9c99-0e0ddfec38ab', '15.00', '66c100e1-7f24-4953-b49b-63250db854d9');
INSERT INTO product_ingredients (id, created_at, ingredient_id, percentage, product_id) VALUES ('45ab3a06-9b40-454a-ba70-df76e0f2627a', '2026-01-27 13:17:14.52014+00', '26f0036c-04cf-4f5f-8bdd-cc18e9aa08a3', '5.00', '66c100e1-7f24-4953-b49b-63250db854d9');
INSERT INTO product_ingredients (id, created_at, ingredient_id, percentage, product_id) VALUES ('4941bebd-0a35-40ae-ad2f-d7e0453e7f0d', '2026-01-27 13:17:24.645062+00', '4a4d050a-63db-4a7f-9da1-05f93957976a', '29.40', 'ed3392a2-2738-4c05-9717-cf43ad40e1be');
INSERT INTO product_ingredients (id, created_at, ingredient_id, percentage, product_id) VALUES ('4987fe03-68d5-43e1-8508-7d529f1ec990', '2026-01-27 13:17:28.653453+00', 'daf4bac9-a8c0-43cc-9204-eda92c94f7ae', '29.40', '68e827a3-3eaa-4d3f-be58-084ea66f7d28');
INSERT INTO product_ingredients (id, created_at, ingredient_id, percentage, product_id) VALUES ('4bfa0220-bdc2-4190-8e42-cde82f3443f5', '2026-01-27 13:17:21.078509+00', '2582b45a-a9ae-425c-9fd2-185a6dcba681', '40.00', '4243a708-5ec4-4686-b219-61477782b70d');
INSERT INTO product_ingredients (id, created_at, ingredient_id, percentage, product_id) VALUES ('4cdc2968-8366-4d76-b6b1-52d24a998ef4', '2026-01-27 13:17:27.002697+00', '507385dc-a6e6-4e85-8350-d9f488abf33e', '5.90', 'ccd26ecf-8059-4a27-a2db-6ae15da11ca4');
INSERT INTO product_ingredients (id, created_at, ingredient_id, percentage, product_id) VALUES ('4f4fc255-de68-48c5-972b-d87f991d8604', '2026-01-27 13:17:13.394094+00', 'c0f69793-b6bb-4498-bfd1-9051c965fbe6', '30.00', '66c100e1-7f24-4953-b49b-63250db854d9');
INSERT INTO product_ingredients (id, created_at, ingredient_id, percentage, product_id) VALUES ('5fa69888-a53e-419f-8798-69578f01e4f9', '2026-01-27 13:17:12.780107+00', '58f0837c-1306-456f-b797-2c4fb9b8fb59', '20.00', 'b97698ca-4b52-427e-bc57-e141e55d3493');
INSERT INTO product_ingredients (id, created_at, ingredient_id, percentage, product_id) VALUES ('63ca3e38-8ec4-4d34-91c0-a3882c83bcf4', '2026-01-27 13:17:12.975543+00', '82ffad73-32c0-44da-a8a5-c5d0bfea8a33', '5.00', 'b97698ca-4b52-427e-bc57-e141e55d3493');
INSERT INTO product_ingredients (id, created_at, ingredient_id, percentage, product_id) VALUES ('68c720cf-3992-494d-b630-2e9172077aa8', '2026-01-27 13:17:07.85027+00', '108e088d-9bb2-44d2-9c99-0e0ddfec38ab', '10.00', '7bc76252-827b-4429-ae6c-68e60dc07fb2');
INSERT INTO product_ingredients (id, created_at, ingredient_id, percentage, product_id) VALUES ('6ae422b0-0d71-4981-91c5-4b5412fb5214', '2026-01-27 13:17:11.548229+00', 'ae2254d8-0da8-4eb1-b887-2018f6ca1dbb', '3.00', '7bd899d2-e50e-4af5-b574-59b5bf4ca5ee');
INSERT INTO product_ingredients (id, created_at, ingredient_id, percentage, product_id) VALUES ('6b5a63db-bf0a-41a9-8dde-243376195e79', '2026-01-27 13:17:08.577349+00', 'ae2254d8-0da8-4eb1-b887-2018f6ca1dbb', '1.00', '7bc76252-827b-4429-ae6c-68e60dc07fb2');
INSERT INTO product_ingredients (id, created_at, ingredient_id, percentage, product_id) VALUES ('74822d35-84ab-40f3-9604-d848af7cf6bb', '2026-01-27 13:17:28.960208+00', '1d8b024e-d27a-44e7-842c-5c7dc8b9821e', '29.40', '68e827a3-3eaa-4d3f-be58-084ea66f7d28');
INSERT INTO product_ingredients (id, created_at, ingredient_id, percentage, product_id) VALUES ('7719266c-86ba-4269-8170-09a9096db715', '2026-01-27 13:17:23.641171+00', '4a4d050a-63db-4a7f-9da1-05f93957976a', '75.00', '0e9204cf-21af-482f-a332-d36269959ffd');
INSERT INTO product_ingredients (id, created_at, ingredient_id, percentage, product_id) VALUES ('7c695f4f-576a-473b-90d3-d2b5878a6efc', '2026-01-27 13:17:10.522358+00', 'bd6bdf89-d073-4d33-815f-aa71046ca4de', '15.00', '7bd899d2-e50e-4af5-b574-59b5bf4ca5ee');
INSERT INTO product_ingredients (id, created_at, ingredient_id, percentage, product_id) VALUES ('7d77cba5-89cf-4345-8c4e-4971fb2b4334', '2026-01-27 13:17:13.188193+00', 'b31f2fcc-bf7c-4ea1-9307-912cc13c9330', '5.00', 'b97698ca-4b52-427e-bc57-e141e55d3493');
INSERT INTO product_ingredients (id, created_at, ingredient_id, percentage, product_id) VALUES ('7ff4b436-3329-47b4-bf9a-f88aa83ff5fe', '2026-01-27 13:17:07.654293+00', 'f84ef720-bced-4f61-bb2f-7067e7282bdc', '20.00', '7bc76252-827b-4429-ae6c-68e60dc07fb2');
INSERT INTO product_ingredients (id, created_at, ingredient_id, percentage, product_id) VALUES ('80f9fb17-ffbc-4cb4-9410-0a869ece8ee3', '2026-01-27 13:17:15.337568+00', '2582b45a-a9ae-425c-9fd2-185a6dcba681', '25.00', 'e019ccf1-3a0e-4cd1-adca-3910635c3161');
INSERT INTO product_ingredients (id, created_at, ingredient_id, percentage, product_id) VALUES ('8572ae1b-30c2-4c5a-b0dc-6e719bebc9b6', '2026-01-27 13:17:11.03664+00', 'f84ef720-bced-4f61-bb2f-7067e7282bdc', '10.00', '7bd899d2-e50e-4af5-b574-59b5bf4ca5ee');
INSERT INTO product_ingredients (id, created_at, ingredient_id, percentage, product_id) VALUES ('87252d09-8a11-464d-ab46-d77e5cdac142', '2026-01-27 13:17:27.21793+00', '4a4d050a-63db-4a7f-9da1-05f93957976a', '29.40', 'ccd26ecf-8059-4a27-a2db-6ae15da11ca4');
INSERT INTO product_ingredients (id, created_at, ingredient_id, percentage, product_id) VALUES ('89ff02c5-b574-412f-aed2-e4f9b03050aa', '2026-01-27 13:17:15.851058+00', '108e088d-9bb2-44d2-9c99-0e0ddfec38ab', '20.00', 'e019ccf1-3a0e-4cd1-adca-3910635c3161');
INSERT INTO product_ingredients (id, created_at, ingredient_id, percentage, product_id) VALUES ('8a7b6349-f228-4e40-803f-3da32f717545', '2026-01-27 13:17:17.691052+00', 'd5e0de2b-9d2e-44dc-a3dd-ee89df9fe4a5', '30.00', '4a45f496-00fc-43c0-ba34-1137e56ec9be');
INSERT INTO product_ingredients (id, created_at, ingredient_id, percentage, product_id) VALUES ('8ac31c4a-4922-4ed1-a85b-90964a6f5e32', '2026-01-27 13:17:14.82856+00', 'b31f2fcc-bf7c-4ea1-9307-912cc13c9330', '3.00', '66c100e1-7f24-4953-b49b-63250db854d9');
INSERT INTO product_ingredients (id, created_at, ingredient_id, percentage, product_id) VALUES ('8d583c09-c098-4638-9101-a1f74e4d8704', '2026-01-27 13:17:10.313398+00', 'd5e0de2b-9d2e-44dc-a3dd-ee89df9fe4a5', '40.00', '7bd899d2-e50e-4af5-b574-59b5bf4ca5ee');
INSERT INTO product_ingredients (id, created_at, ingredient_id, percentage, product_id) VALUES ('901d6e8f-2948-42bd-ada6-46d66778532e', '2026-01-27 13:17:19.229641+00', '3d06baf4-8acd-4707-9f61-4b8eebfe74ae', '5.00', '4a45f496-00fc-43c0-ba34-1137e56ec9be');
INSERT INTO product_ingredients (id, created_at, ingredient_id, percentage, product_id) VALUES ('92e3a94d-49d2-421e-99b5-aa4110b3b0f1', '2026-01-27 13:17:23.399034+00', 'f7d8b7bb-ed16-4501-9122-9e3702797000', '25.00', '0e9204cf-21af-482f-a332-d36269959ffd');
INSERT INTO product_ingredients (id, created_at, ingredient_id, percentage, product_id) VALUES ('960a8de2-4149-4671-8857-7bd2e6e74f22', '2026-01-27 13:17:09.892585+00', '82ffad73-32c0-44da-a8a5-c5d0bfea8a33', '3.00', 'cb5b0c0d-80a8-4017-9fe7-9f69b1a5a042');
INSERT INTO product_ingredients (id, created_at, ingredient_id, percentage, product_id) VALUES ('99e5db30-26ca-44ff-a767-e10e526cbf65', '2026-01-27 13:17:14.109068+00', 'f84ef720-bced-4f61-bb2f-7067e7282bdc', '15.00', '66c100e1-7f24-4953-b49b-63250db854d9');
INSERT INTO product_ingredients (id, created_at, ingredient_id, percentage, product_id) VALUES ('9b8cee69-675c-4b80-aac2-d8764538672c', '2026-01-27 13:17:13.594502+00', '2582b45a-a9ae-425c-9fd2-185a6dcba681', '30.00', '66c100e1-7f24-4953-b49b-63250db854d9');
INSERT INTO product_ingredients (id, created_at, ingredient_id, percentage, product_id) VALUES ('9cec4373-c4aa-4347-97b2-36cfdb63e914', '2026-01-27 13:17:28.440625+00', '4a4d050a-63db-4a7f-9da1-05f93957976a', '29.40', '68e827a3-3eaa-4d3f-be58-084ea66f7d28');
INSERT INTO product_ingredients (id, created_at, ingredient_id, percentage, product_id) VALUES ('a5009e56-0565-4dee-9a05-ac9343e328c3', '2026-01-27 13:17:23.127529+00', '507385dc-a6e6-4e85-8350-d9f488abf33e', '5.00', '82fc463b-2b19-4be4-ac0d-180d56322b4b');
INSERT INTO product_ingredients (id, created_at, ingredient_id, percentage, product_id) VALUES ('a7b4ec94-a5c1-441f-bc35-4ee953961604', '2026-01-27 13:17:27.729058+00', '1d8b024e-d27a-44e7-842c-5c7dc8b9821e', '29.40', 'ccd26ecf-8059-4a27-a2db-6ae15da11ca4');
INSERT INTO product_ingredients (id, created_at, ingredient_id, percentage, product_id) VALUES ('aab7945d-9af7-4eab-b704-2b24de89bc2f', '2026-01-27 13:17:08.272871+00', '82ffad73-32c0-44da-a8a5-c5d0bfea8a33', '2.00', '7bc76252-827b-4429-ae6c-68e60dc07fb2');
INSERT INTO product_ingredients (id, created_at, ingredient_id, percentage, product_id) VALUES ('ae8cfc6c-2621-4bbe-9c5a-a06a92a454ad', '2026-01-27 13:17:09.2356+00', 'a9f9c759-e463-44dd-81b1-c58f559385d1', '10.00', 'cb5b0c0d-80a8-4017-9fe7-9f69b1a5a042');
INSERT INTO product_ingredients (id, created_at, ingredient_id, percentage, product_id) VALUES ('aead5b97-0983-4360-b9b4-cc7d0460ff19', '2026-01-27 13:17:21.881974+00', '507385dc-a6e6-4e85-8350-d9f488abf33e', '5.00', '4243a708-5ec4-4686-b219-61477782b70d');
INSERT INTO product_ingredients (id, created_at, ingredient_id, percentage, product_id) VALUES ('aef49c47-9604-4829-a0fa-591064e46a17', '2026-01-27 13:17:22.369862+00', '2582b45a-a9ae-425c-9fd2-185a6dcba681', '40.00', '82fc463b-2b19-4be4-ac0d-180d56322b4b');
INSERT INTO product_ingredients (id, created_at, ingredient_id, percentage, product_id) VALUES ('b0b4b7b6-bb28-4ae6-8063-9b8aadcd52b0', '2026-01-27 13:17:20.775582+00', '0b19bfb3-3e32-4a91-b939-4f1ff698aacb', '20.00', '4243a708-5ec4-4686-b219-61477782b70d');
INSERT INTO product_ingredients (id, created_at, ingredient_id, percentage, product_id) VALUES ('b17f08fb-8879-4f6a-8be3-073b6b8fdd05', '2026-01-27 13:17:17.48896+00', 'c0f69793-b6bb-4498-bfd1-9051c965fbe6', '10.00', '35a83797-69af-4257-8178-35894f481b02');
INSERT INTO product_ingredients (id, created_at, ingredient_id, percentage, product_id) VALUES ('bd231fc0-32f6-4818-b31b-e61ab6415713', '2026-01-27 13:17:24.444659+00', '507385dc-a6e6-4e85-8350-d9f488abf33e', '5.90', 'ed3392a2-2738-4c05-9717-cf43ad40e1be');
INSERT INTO product_ingredients (id, created_at, ingredient_id, percentage, product_id) VALUES ('bea0f9bf-0e6f-4165-86c2-96de7bfaea4a', '2026-01-27 13:17:21.369363+00', 'f84ef720-bced-4f61-bb2f-7067e7282bdc', '15.00', '4243a708-5ec4-4686-b219-61477782b70d');
INSERT INTO product_ingredients (id, created_at, ingredient_id, percentage, product_id) VALUES ('c39e091b-637e-4ca1-b3ab-418a44eefad0', '2026-01-27 13:17:11.24621+00', '58f0837c-1306-456f-b797-2c4fb9b8fb59', '10.00', '7bd899d2-e50e-4af5-b574-59b5bf4ca5ee');
INSERT INTO product_ingredients (id, created_at, ingredient_id, percentage, product_id) VALUES ('c6198cd3-0094-447e-bfef-069dab15c7ab', '2026-01-27 13:17:10.732532+00', 'c0f69793-b6bb-4498-bfd1-9051c965fbe6', '20.00', '7bd899d2-e50e-4af5-b574-59b5bf4ca5ee');
INSERT INTO product_ingredients (id, created_at, ingredient_id, percentage, product_id) VALUES ('cc96fe07-e19d-4b5e-ac53-38828d73cbf4', '2026-01-27 13:17:16.569261+00', '2582b45a-a9ae-425c-9fd2-185a6dcba681', '25.00', '35a83797-69af-4257-8178-35894f481b02');
INSERT INTO product_ingredients (id, created_at, ingredient_id, percentage, product_id) VALUES ('ce0d55aa-e073-4ebe-8c69-a2ad674203c9', '2026-01-27 13:17:06.530582+00', 'd5e0de2b-9d2e-44dc-a3dd-ee89df9fe4a5', '60.00', 'e017972d-4a82-4461-b24d-8a1fd72b5c71');
INSERT INTO product_ingredients (id, created_at, ingredient_id, percentage, product_id) VALUES ('ce586eed-6580-4e23-93fe-d444ff40c55a', '2026-01-27 13:17:13.844166+00', '50e214f9-3d35-47ad-b013-a064ec3121f1', '2.00', '66c100e1-7f24-4953-b49b-63250db854d9');
INSERT INTO product_ingredients (id, created_at, ingredient_id, percentage, product_id) VALUES ('da627113-41d7-4d5f-9f8e-4c4cc3b53b1c', '2026-01-27 13:17:16.25982+00', 'd5e0de2b-9d2e-44dc-a3dd-ee89df9fe4a5', '30.00', '35a83797-69af-4257-8178-35894f481b02');
INSERT INTO product_ingredients (id, created_at, ingredient_id, percentage, product_id) VALUES ('dae61d7a-a0e8-4578-a7d8-f8bd2798421d', '2026-01-27 13:17:12.357796+00', '50e214f9-3d35-47ad-b013-a064ec3121f1', '5.00', 'b97698ca-4b52-427e-bc57-e141e55d3493');
INSERT INTO product_ingredients (id, created_at, ingredient_id, percentage, product_id) VALUES ('de92ef90-8a3f-46f8-b1ce-8e7606de3aa6', '2026-01-27 13:17:07.44218+00', '2582b45a-a9ae-425c-9fd2-185a6dcba681', '30.00', '7bc76252-827b-4429-ae6c-68e60dc07fb2');
INSERT INTO product_ingredients (id, created_at, ingredient_id, percentage, product_id) VALUES ('df5cd1a0-7f6b-4c6d-a55e-30192f4f73e2', '2026-01-27 13:17:07.20528+00', 'd5e0de2b-9d2e-44dc-a3dd-ee89df9fe4a5', '30.00', '7bc76252-827b-4429-ae6c-68e60dc07fb2');
INSERT INTO product_ingredients (id, created_at, ingredient_id, percentage, product_id) VALUES ('e018e479-3dd4-4186-93d5-312f0e6214d1', '2026-01-27 13:17:16.866625+00', 'f84ef720-bced-4f61-bb2f-7067e7282bdc', '10.00', '35a83797-69af-4257-8178-35894f481b02');
INSERT INTO product_ingredients (id, created_at, ingredient_id, percentage, product_id) VALUES ('e167f589-aa12-4954-a801-95f8219a9e23', '2026-01-27 13:17:20.147149+00', '108e088d-9bb2-44d2-9c99-0e0ddfec38ab', '20.00', 'f29a33a5-a354-42e0-a1cd-6713cbdfc61e');
INSERT INTO product_ingredients (id, created_at, ingredient_id, percentage, product_id) VALUES ('e276e488-09ca-4648-85be-66d36b5bdaef', '2026-01-27 13:17:19.946409+00', 'f84ef720-bced-4f61-bb2f-7067e7282bdc', '15.00', 'f29a33a5-a354-42e0-a1cd-6713cbdfc61e');
INSERT INTO product_ingredients (id, created_at, ingredient_id, percentage, product_id) VALUES ('e4b9d970-20e9-49f1-8ffb-4983dbdb624d', '2026-01-27 13:17:08.991014+00', 'bd6bdf89-d073-4d33-815f-aa71046ca4de', '15.00', 'cb5b0c0d-80a8-4017-9fe7-9f69b1a5a042');
INSERT INTO product_ingredients (id, created_at, ingredient_id, percentage, product_id) VALUES ('e9c5707a-81d6-43d9-a673-2e4b884503c2', '2026-01-27 13:17:17.280509+00', '507385dc-a6e6-4e85-8350-d9f488abf33e', '5.00', '35a83797-69af-4257-8178-35894f481b02');
INSERT INTO product_ingredients (id, created_at, ingredient_id, percentage, product_id) VALUES ('f161d72f-f66f-4b06-9b3d-59a9053a2d1e', '2026-01-27 13:17:12.574599+00', 'f84ef720-bced-4f61-bb2f-7067e7282bdc', '15.00', 'b97698ca-4b52-427e-bc57-e141e55d3493');
INSERT INTO product_ingredients (id, created_at, ingredient_id, percentage, product_id) VALUES ('f33ebd1b-40df-4639-a6ed-b68c001d10dc', '2026-01-27 13:17:24.863046+00', 'daf4bac9-a8c0-43cc-9204-eda92c94f7ae', '29.40', 'ed3392a2-2738-4c05-9717-cf43ad40e1be');
INSERT INTO product_ingredients (id, created_at, ingredient_id, percentage, product_id) VALUES ('f35d15ab-dea0-4a75-9842-962f7230084b', '2026-01-27 13:17:22.914769+00', '108e088d-9bb2-44d2-9c99-0e0ddfec38ab', '20.00', '82fc463b-2b19-4be4-ac0d-180d56322b4b');
INSERT INTO product_ingredients (id, created_at, ingredient_id, percentage, product_id) VALUES ('f3f668ff-ae64-4ae7-892f-a8d1e219f3b0', '2026-01-27 13:17:20.354084+00', '507385dc-a6e6-4e85-8350-d9f488abf33e', '5.00', 'f29a33a5-a354-42e0-a1cd-6713cbdfc61e');
INSERT INTO product_ingredients (id, created_at, ingredient_id, percentage, product_id) VALUES ('f4c690f0-22e7-4f1d-a035-29929c5d2e80', '2026-01-27 13:17:26.400188+00', '1d8b024e-d27a-44e7-842c-5c7dc8b9821e', '29.40', '90310ac1-6f99-4c07-8e3e-68677ffcc96f');
INSERT INTO product_ingredients (id, created_at, ingredient_id, percentage, product_id) VALUES ('f644da05-92f3-4242-b18f-028b0ca27b88', '2026-01-27 13:17:08.77052+00', 'd5e0de2b-9d2e-44dc-a3dd-ee89df9fe4a5', '50.00', 'cb5b0c0d-80a8-4017-9fe7-9f69b1a5a042');
INSERT INTO product_ingredients (id, created_at, ingredient_id, percentage, product_id) VALUES ('f6e5dcf4-72ff-4fc4-876b-227138cb163e', '2026-01-27 13:17:09.695027+00', '108e088d-9bb2-44d2-9c99-0e0ddfec38ab', '10.00', 'cb5b0c0d-80a8-4017-9fe7-9f69b1a5a042');
INSERT INTO product_ingredients (id, created_at, ingredient_id, percentage, product_id) VALUES ('f7ec40bc-372e-4a6e-aa80-c99d007d132f', '2026-01-27 13:17:22.611775+00', 'f84ef720-bced-4f61-bb2f-7067e7282bdc', '15.00', '82fc463b-2b19-4be4-ac0d-180d56322b4b');
INSERT INTO product_ingredients (id, created_at, ingredient_id, percentage, product_id) VALUES ('f85311c1-c414-489b-a5f9-cf1eba01a5b7', '2026-01-27 13:17:10.113881+00', 'b31f2fcc-bf7c-4ea1-9307-912cc13c9330', '2.00', 'cb5b0c0d-80a8-4017-9fe7-9f69b1a5a042');
INSERT INTO product_ingredients (id, created_at, ingredient_id, percentage, product_id) VALUES ('fa25741a-0f38-4c11-9e49-f808d4442c1b', '2026-01-27 13:17:29.264178+00', 'f84ef720-bced-4f61-bb2f-7067e7282bdc', '5.90', '68e827a3-3eaa-4d3f-be58-084ea66f7d28');
INSERT INTO product_ingredients (id, created_at, ingredient_id, percentage, product_id) VALUES ('fe8821fa-3ee9-489c-a3bc-f4f9138b16dd', '2026-01-27 13:17:28.035858+00', 'd5e0de2b-9d2e-44dc-a3dd-ee89df9fe4a5', '5.90', 'ccd26ecf-8059-4a27-a2db-6ae15da11ca4');
INSERT INTO product_ingredients (id, created_at, ingredient_id, percentage, product_id) VALUES ('ffe4f97e-e652-4bf0-9ebd-f6a225d06a11', '2026-01-27 13:17:24.255843+00', '4a4d050a-63db-4a7f-9da1-05f93957976a', '75.00', 'de648df5-cd0f-4e29-b53c-da676c55258f');
INSERT INTO product_ingredients (id, created_at, ingredient_id, percentage, product_id) VALUES ('ffed4e03-5ed6-4f75-8188-60868145a8a9', '2026-01-27 13:17:21.588956+00', '108e088d-9bb2-44d2-9c99-0e0ddfec38ab', '20.00', '4243a708-5ec4-4686-b219-61477782b70d');

-- INSERT statements for products
INSERT INTO products (id, created_at, updated_at, category_id, description, display_order, image_url, ingredients_display, is_active, label_quantity_per_product, label_type, name, nutritional_info, packaging_quantity_per_product, packaging_type, short_description, slug) VALUES ('0e9204cf-21af-482f-a332-d36269959ffd', '2026-01-13 18:18:36.485961+00', '2026-01-25 23:19:11.959397+00', '75e9b486-e95c-4389-b986-a54aba3af190', 'Pure collagen-rich bone broth. Excellent for joint health and senior cats.', 2, 'https://xfnbhheapralprcwjvzl.supabase.co/storage/v1/object/public/product-images/product-images/1768593338967-vj9p503xbg.png', NULL, TRUE, 1, 'Bone Rich Label', 'Bone Rich', NULL, 1, '100ml Spout Pouch', 'Pure bone broth for joint health', 'bone-rich');
INSERT INTO products (id, created_at, updated_at, category_id, description, display_order, image_url, ingredients_display, is_active, label_quantity_per_product, label_type, name, nutritional_info, packaging_quantity_per_product, packaging_type, short_description, slug) VALUES ('35a83797-69af-4257-8178-35894f481b02', '2026-01-13 18:18:36.485961+00', '2026-01-25 23:19:11.959397+00', '887d6bde-b2c9-438d-8428-fcbd075bbdca', 'Premium tuna cupcake with omega-3 benefits. Sold in pairs (2 x 50g).', 2, 'https://xfnbhheapralprcwjvzl.supabase.co/storage/v1/object/public/product-images/product-images/1768593774679-dcxl45lyhtt.webp', NULL, TRUE, 1, 'Logo Sticker', 'Tuna Delight Cupcake', NULL, 1, 'Cupcake Box', 'Premium tuna cupcakes', 'tuna-delight-cupcake');
INSERT INTO products (id, created_at, updated_at, category_id, description, display_order, image_url, ingredients_display, is_active, label_quantity_per_product, label_type, name, nutritional_info, packaging_quantity_per_product, packaging_type, short_description, slug) VALUES ('4243a708-5ec4-4686-b219-61477782b70d', '2026-01-13 18:18:36.485961+00', '2026-01-25 23:19:11.959397+00', '887d6bde-b2c9-438d-8428-fcbd075bbdca', 'Egg-based cupcake with carrots for vegetarian option. Sold in pairs (2 x 50g).', 5, 'https://xfnbhheapralprcwjvzl.supabase.co/storage/v1/object/public/product-images/product-images/1768593823716-qc89dqwlzfn.webp', NULL, TRUE, 1, 'Logo Sticker', 'Veggie Mew Cupcake', NULL, 1, 'Cupcake Box', 'Egg-based vegetarian cupcakes', 'veggie-mew-cupcake');
INSERT INTO products (id, created_at, updated_at, category_id, description, display_order, image_url, ingredients_display, is_active, label_quantity_per_product, label_type, name, nutritional_info, packaging_quantity_per_product, packaging_type, short_description, slug) VALUES ('4a45f496-00fc-43c0-ba34-1137e56ec9be', '2026-01-13 18:18:36.485961+00', '2026-01-25 23:19:11.959397+00', '887d6bde-b2c9-438d-8428-fcbd075bbdca', 'Fish-based cupcake with carrots for vision health. Sold in pairs (2 x 50g).', 3, 'https://xfnbhheapralprcwjvzl.supabase.co/storage/v1/object/public/product-images/product-images/1768593790686-qd0o6xbrjbe.webp', NULL, TRUE, 1, 'Logo Sticker', 'Golden Glow Cupcake', NULL, 1, 'Cupcake Box', 'Fish cupcakes with carrots', 'golden-glow-cupcake');
INSERT INTO products (id, created_at, updated_at, category_id, description, display_order, image_url, ingredients_display, is_active, label_quantity_per_product, label_type, name, nutritional_info, packaging_quantity_per_product, packaging_type, short_description, slug) VALUES ('66c100e1-7f24-4953-b49b-63250db854d9', '2026-01-13 18:18:36.485961+00', '2026-01-25 23:19:11.959397+00', '4c4fb304-ba44-41dc-9a53-8db1fed30ef2', 'Luxury tuna and egg meal with pumpkin and oats. Premium nutrition for optimal health.', 6, 'https://xfnbhheapralprcwjvzl.supabase.co/storage/v1/object/public/product-images/product-images/1768593294212-1xy4twlfqs5.webp', NULL, TRUE, 1, 'Thrive Label', 'Thrive', NULL, 1, '70g Stand Up Pouch', 'Luxury tuna and egg meal', 'thrive');
INSERT INTO products (id, created_at, updated_at, category_id, description, display_order, image_url, ingredients_display, is_active, label_quantity_per_product, label_type, name, nutritional_info, packaging_quantity_per_product, packaging_type, short_description, slug) VALUES ('68e827a3-3eaa-4d3f-be58-084ea66f7d28', '2026-01-13 18:18:36.485961+00', '2026-01-25 23:19:11.959397+00', '49d190d1-e039-4827-938f-af4cd8473d03', 'Seasonal pumpkin cookies with digestive benefits. Perfect for autumn and digestive health.', 4, 'https://xfnbhheapralprcwjvzl.supabase.co/storage/v1/object/public/product-images/product-images/1768593587026-93y0zll043i.webp', NULL, TRUE, 2, 'Logo Sticker', 'Pumpkin Cookies', NULL, 1, 'Cookie Jar', 'Seasonal pumpkin digestive treats', 'pumpkin-cookies');
INSERT INTO products (id, created_at, updated_at, category_id, description, display_order, image_url, ingredients_display, is_active, label_quantity_per_product, label_type, name, nutritional_info, packaging_quantity_per_product, packaging_type, short_description, slug) VALUES ('7bc76252-827b-4429-ae6c-68e60dc07fb2', '2026-01-13 18:18:36.485961+00', '2026-01-25 23:19:11.959397+00', '4c4fb304-ba44-41dc-9a53-8db1fed30ef2', 'Enhanced nutrition with eggs, flaxseeds and seaweed. For active cats needing extra nutrients.', 2, 'https://xfnbhheapralprcwjvzl.supabase.co/storage/v1/object/public/product-images/product-images/1768592847760-mw7x3jtwn4r.webp', NULL, TRUE, 1, 'Vitality Label', 'Vitality', NULL, 1, '70g Stand Up Pouch', 'Enhanced meal with eggs and superfoods', 'vitality');
INSERT INTO products (id, created_at, updated_at, category_id, description, display_order, image_url, ingredients_display, is_active, label_quantity_per_product, label_type, name, nutritional_info, packaging_quantity_per_product, packaging_type, short_description, slug) VALUES ('7bd899d2-e50e-4af5-b574-59b5bf4ca5ee', '2026-01-13 18:18:36.485961+00', '2026-01-25 23:19:11.959397+00', '4c4fb304-ba44-41dc-9a53-8db1fed30ef2', 'Premium blend with chicken, liver, tuna and salmon oil. Ultimate nutrition for discerning cats.', 4, 'https://xfnbhheapralprcwjvzl.supabase.co/storage/v1/object/public/product-images/product-images/1768592906701-hbyg5xu64c7.webp', NULL, TRUE, 1, 'Supreme Label', 'Supreme', NULL, 1, '70g Stand Up Pouch', 'Premium meal with multiple proteins', 'supreme');
INSERT INTO products (id, created_at, updated_at, category_id, description, display_order, image_url, ingredients_display, is_active, label_quantity_per_product, label_type, name, nutritional_info, packaging_quantity_per_product, packaging_type, short_description, slug) VALUES ('82fc463b-2b19-4be4-ac0d-180d56322b4b', '2026-01-13 18:18:36.485961+00', '2026-01-25 23:19:11.959397+00', '887d6bde-b2c9-438d-8428-fcbd075bbdca', 'Digestive health cupcake with psyllium husk. Sold in pairs (2 x 50g).', 6, 'https://xfnbhheapralprcwjvzl.supabase.co/storage/v1/object/public/product-images/product-images/1768593840890-ff1bq2crbpv.webp', NULL, TRUE, 1, 'Logo Sticker', 'Happy Tummy Cupcake', NULL, 1, 'Cupcake Box', 'Digestive health cupcakes', 'happy-tummy-cupcake');
INSERT INTO products (id, created_at, updated_at, category_id, description, display_order, image_url, ingredients_display, is_active, label_quantity_per_product, label_type, name, nutritional_info, packaging_quantity_per_product, packaging_type, short_description, slug) VALUES ('90310ac1-6f99-4c07-8e3e-68677ffcc96f', '2026-01-13 18:18:36.485961+00', '2026-01-25 23:19:11.959397+00', '49d190d1-e039-4827-938f-af4cd8473d03', 'Vibrant beetroot cookies with natural color and nutrients. Unique and healthy treat.', 3, 'https://xfnbhheapralprcwjvzl.supabase.co/storage/v1/object/public/product-images/product-images/1768593570250-44c11pjf8uc.webp', NULL, TRUE, 2, 'Logo Sticker', 'Beetroot Cookies', NULL, 1, 'Cookie Jar', 'Vibrant beetroot-flavored treats', 'beetroot-cookies');
INSERT INTO products (id, created_at, updated_at, category_id, description, display_order, image_url, ingredients_display, is_active, label_quantity_per_product, label_type, name, nutritional_info, packaging_quantity_per_product, packaging_type, short_description, slug) VALUES ('b97698ca-4b52-427e-bc57-e141e55d3493', '2026-01-13 18:18:36.485961+00', '2026-01-25 23:19:11.959397+00', '4c4fb304-ba44-41dc-9a53-8db1fed30ef2', 'Gentle fish-based meal with basa, rice and pumpkin. Perfect for sensitive stomachs and fish lovers.', 5, 'https://xfnbhheapralprcwjvzl.supabase.co/storage/v1/object/public/product-images/product-images/1768593278197-yp493me7ifb.webp', NULL, TRUE, 1, 'Nurture Label', 'Nurture', NULL, 1, '70g Stand Up Pouch', 'Gentle fish meal for sensitive cats', 'nurture');
INSERT INTO products (id, created_at, updated_at, category_id, description, display_order, image_url, ingredients_display, is_active, label_quantity_per_product, label_type, name, nutritional_info, packaging_quantity_per_product, packaging_type, short_description, slug) VALUES ('cb5b0c0d-80a8-4017-9fe7-9f69b1a5a042', '2026-01-13 18:18:36.485961+00', '2026-01-25 23:19:11.959397+00', '4c4fb304-ba44-41dc-9a53-8db1fed30ef2', 'High-protein meal with chicken, liver and hearts. Ideal for growing cats and high energy needs.', 3, 'https://xfnbhheapralprcwjvzl.supabase.co/storage/v1/object/public/product-images/product-images/1768592877381-ze1jkxvjz3h.webp', NULL, TRUE, 1, 'Power Label', 'Power', NULL, 1, '70g Stand Up Pouch', 'High-protein meal with organ meats', 'power');
INSERT INTO products (id, created_at, updated_at, category_id, description, display_order, image_url, ingredients_display, is_active, label_quantity_per_product, label_type, name, nutritional_info, packaging_quantity_per_product, packaging_type, short_description, slug) VALUES ('ccd26ecf-8059-4a27-a2db-6ae15da11ca4', '2026-01-13 18:18:36.485961+00', '2026-01-25 23:19:11.959397+00', '49d190d1-e039-4827-938f-af4cd8473d03', 'Crunchy chicken-flavored treats baked with real chicken. Perfect for training and rewards.', 1, 'https://xfnbhheapralprcwjvzl.supabase.co/storage/v1/object/public/product-images/product-images/1768593540853-4qvyrmn71fx.webp', NULL, TRUE, 2, 'Logo Sticker', 'Chicken Cookies', NULL, 1, 'Cookie Jar', 'Crunchy chicken-flavored treats', 'chicken-cookies');
INSERT INTO products (id, created_at, updated_at, category_id, description, display_order, image_url, ingredients_display, is_active, label_quantity_per_product, label_type, name, nutritional_info, packaging_quantity_per_product, packaging_type, short_description, slug) VALUES ('de648df5-cd0f-4e29-b53c-da676c55258f', '2026-01-13 18:18:36.485961+00', '2026-01-25 23:19:11.959397+00', '75e9b486-e95c-4389-b986-a54aba3af190', 'Light chicken broth with 25% chicken content. Perfect for hydration and light meals.', 1, 'https://xfnbhheapralprcwjvzl.supabase.co/storage/v1/object/public/product-images/product-images/1768593313747-se2u7ak5kcf.png', NULL, TRUE, 1, 'Essence Label', 'Essence', NULL, 1, '100ml Spout Pouch', 'Light chicken broth for hydration', 'essence');
INSERT INTO products (id, created_at, updated_at, category_id, description, display_order, image_url, ingredients_display, is_active, label_quantity_per_product, label_type, name, nutritional_info, packaging_quantity_per_product, packaging_type, short_description, slug) VALUES ('e017972d-4a82-4461-b24d-8a1fd72b5c71', '2026-01-13 18:18:36.485961+00', '2026-01-25 23:19:11.959397+00', '4c4fb304-ba44-41dc-9a53-8db1fed30ef2', 'Complete balanced meal with chicken, pumpkin and rice. Perfect for daily nutrition.', 1, 'https://xfnbhheapralprcwjvzl.supabase.co/storage/v1/object/public/product-images/product-images/1768592432205-39fsykfg387.webp', NULL, TRUE, 1, 'Nourish Label', 'Nourish', NULL, 1, '70g Stand Up Pouch', 'Balanced chicken meal with pumpkin', 'nourish');
INSERT INTO products (id, created_at, updated_at, category_id, description, display_order, image_url, ingredients_display, is_active, label_quantity_per_product, label_type, name, nutritional_info, packaging_quantity_per_product, packaging_type, short_description, slug) VALUES ('e019ccf1-3a0e-4cd1-adca-3910635c3161', '2026-01-13 18:18:36.485961+00', '2026-01-25 23:19:11.959397+00', '887d6bde-b2c9-438d-8428-fcbd075bbdca', 'High-protein chicken cupcake for muscle health. Sold in pairs (2 x 50g).', 1, 'https://xfnbhheapralprcwjvzl.supabase.co/storage/v1/object/public/product-images/product-images/1768593610443-eopbto9ubc8.webp', NULL, TRUE, 1, 'Logo Sticker', 'Purrfect Protein Cupcake', NULL, 1, 'Cupcake Box', 'High-protein chicken cupcakes', 'purrfect-protein-cupcake');
INSERT INTO products (id, created_at, updated_at, category_id, description, display_order, image_url, ingredients_display, is_active, label_quantity_per_product, label_type, name, nutritional_info, packaging_quantity_per_product, packaging_type, short_description, slug) VALUES ('ed3392a2-2738-4c05-9717-cf43ad40e1be', '2026-01-13 18:18:36.485961+00', '2026-01-25 23:19:11.959397+00', '49d190d1-e039-4827-938f-af4cd8473d03', 'Sweet banana cookies with natural banana flavor. Healthy and delicious treat option.', 2, 'https://xfnbhheapralprcwjvzl.supabase.co/storage/v1/object/public/product-images/product-images/1768593556911-642hw0ou3wh.webp', NULL, TRUE, 2, 'Logo Sticker', 'Banana Cookies', NULL, 1, 'Cookie Jar', 'Sweet banana-flavored treats', 'banana-cookies');
INSERT INTO products (id, created_at, updated_at, category_id, description, display_order, image_url, ingredients_display, is_active, label_quantity_per_product, label_type, name, nutritional_info, packaging_quantity_per_product, packaging_type, short_description, slug) VALUES ('f29a33a5-a354-42e0-a1cd-6713cbdfc61e', '2026-01-13 18:18:36.485961+00', '2026-01-25 23:19:11.959397+00', '887d6bde-b2c9-438d-8428-fcbd075bbdca', 'Chicken cupcake with apple pieces for antioxidants. Sold in pairs (2 x 50g).', 4, 'https://xfnbhheapralprcwjvzl.supabase.co/storage/v1/object/public/product-images/product-images/1768593805696-k5dxu5m8mx.webp', NULL, TRUE, 1, 'Logo Sticker', 'Fruity Paws Cupcake', NULL, 1, 'Cupcake Box', 'Chicken cupcakes with apples', 'fruity-paws-cupcake');

-- INSERT statements for product_variants
INSERT INTO product_variants (id, created_at, is_active, price, product_id, sku, weight_grams) VALUES ('091a0874-3ef6-4cd6-89e7-ed5a64ef3c5a', '2026-02-07 15:57:17.277864+00', TRUE, '120.00', 'ed3392a2-2738-4c05-9717-cf43ad40e1be', 'BANANA-100G', 100);
INSERT INTO product_variants (id, created_at, is_active, price, product_id, sku, weight_grams) VALUES ('1211ecf3-7006-40cf-87a8-8311fa21d676', '2026-02-07 15:57:17.277864+00', TRUE, '350.00', '4243a708-5ec4-4686-b219-61477782b70d', 'VEGGIEMEW-2PC', 100);
INSERT INTO product_variants (id, created_at, is_active, price, product_id, sku, weight_grams) VALUES ('3efe83e7-04a4-4740-a0be-9fe44187900c', '2026-02-07 15:57:17.277864+00', TRUE, '200.00', 'ed3392a2-2738-4c05-9717-cf43ad40e1be', 'BANANA-200G', 200);
INSERT INTO product_variants (id, created_at, is_active, price, product_id, sku, weight_grams) VALUES ('44ce7446-40c3-47f8-a2a0-c1110ed97b34', '2026-02-07 15:57:17.277864+00', TRUE, '300.00', '82fc463b-2b19-4be4-ac0d-180d56322b4b', 'HAPPYTUMMY-2PC', 100);
INSERT INTO product_variants (id, created_at, is_active, price, product_id, sku, weight_grams) VALUES ('56452234-4cfe-45be-b220-1d2493793a8f', '2026-02-07 15:57:17.277864+00', TRUE, '70.00', '7bc76252-827b-4429-ae6c-68e60dc07fb2', 'POWER-70G', 70);
INSERT INTO product_variants (id, created_at, is_active, price, product_id, sku, weight_grams) VALUES ('6102cef4-8613-4184-ba2b-eb91f5d2f31e', '2026-02-07 15:57:17.277864+00', TRUE, '85.00', 'cb5b0c0d-80a8-4017-9fe7-9f69b1a5a042', 'THRIVE-70G', 70);
INSERT INTO product_variants (id, created_at, is_active, price, product_id, sku, weight_grams) VALUES ('61148f4c-e62d-4808-9db6-19f2a3d85f13', '2026-02-07 15:57:17.277864+00', TRUE, '120.00', '68e827a3-3eaa-4d3f-be58-084ea66f7d28', 'PUMPKIN-100G', 100);
INSERT INTO product_variants (id, created_at, is_active, price, product_id, sku, weight_grams) VALUES ('622feef8-f883-4a9a-b84f-2383f8ad01a4', '2026-02-07 15:57:17.277864+00', TRUE, '100.00', 'de648df5-cd0f-4e29-b53c-da676c55258f', 'ESSENCE-100ML', 100);
INSERT INTO product_variants (id, created_at, is_active, price, product_id, sku, weight_grams) VALUES ('6545958a-db1c-488c-9af2-ecabfe5598fd', '2026-02-07 15:57:17.277864+00', TRUE, '100.00', 'b97698ca-4b52-427e-bc57-e141e55d3493', 'NURTURE-70G', 70);
INSERT INTO product_variants (id, created_at, is_active, price, product_id, sku, weight_grams) VALUES ('767023d8-cb65-4585-841c-b032f10de145', '2026-02-07 15:57:17.277864+00', TRUE, '200.00', '68e827a3-3eaa-4d3f-be58-084ea66f7d28', 'PUMPKIN-200G', 200);
INSERT INTO product_variants (id, created_at, is_active, price, product_id, sku, weight_grams) VALUES ('781fa8d1-9322-48ea-9117-91494901b24f', '2026-02-07 16:15:50.641684+00', TRUE, '100.00', '66c100e1-7f24-4953-b49b-63250db854d9', 'THRIVE-70G-V2', 70);
INSERT INTO product_variants (id, created_at, is_active, price, product_id, sku, weight_grams) VALUES ('79859d31-04d6-4e93-a194-902468e40a38', '2026-02-07 15:57:17.277864+00', TRUE, '70.00', 'e017972d-4a82-4461-b24d-8a1fd72b5c71', 'NOURISH-70G', 70);
INSERT INTO product_variants (id, created_at, is_active, price, product_id, sku, weight_grams) VALUES ('7b9f5005-bc17-4fa7-8c2c-7e84cbac91d6', '2026-02-07 15:57:17.277864+00', TRUE, '200.00', '90310ac1-6f99-4c07-8e3e-68677ffcc96f', 'BEETROOT-200G', 200);
INSERT INTO product_variants (id, created_at, is_active, price, product_id, sku, weight_grams) VALUES ('7ce740b6-3a38-4d8f-a30b-f4f9b4837aaa', '2026-02-07 15:57:17.277864+00', TRUE, '300.00', 'e019ccf1-3a0e-4cd1-adca-3910635c3161', 'PURRPROTEIN-2PC', 100);
INSERT INTO product_variants (id, created_at, is_active, price, product_id, sku, weight_grams) VALUES ('9321c2f7-7fbb-4d0a-8722-45adac91f41b', '2026-02-07 15:57:17.277864+00', TRUE, '120.00', '90310ac1-6f99-4c07-8e3e-68677ffcc96f', 'BEETROOT-100G', 100);
INSERT INTO product_variants (id, created_at, is_active, price, product_id, sku, weight_grams) VALUES ('b0d0bc53-d566-4d88-9106-fbeb9651b461', '2026-02-07 15:57:17.277864+00', TRUE, '120.00', 'ccd26ecf-8059-4a27-a2db-6ae15da11ca4', 'CHICKEN-100G', 100);
INSERT INTO product_variants (id, created_at, is_active, price, product_id, sku, weight_grams) VALUES ('b2b4a7d5-2dc9-4c6d-9ba3-78c4a95b6f79', '2026-02-07 15:57:17.277864+00', TRUE, '100.00', '0e9204cf-21af-482f-a332-d36269959ffd', 'BONERICH-100ML', 100);
INSERT INTO product_variants (id, created_at, is_active, price, product_id, sku, weight_grams) VALUES ('dc0f8431-e49e-4fb0-abaa-188936859755', '2026-02-07 15:57:17.277864+00', TRUE, '400.00', '35a83797-69af-4257-8178-35894f481b02', 'TUNADELIGHT-2PC', 100);
INSERT INTO product_variants (id, created_at, is_active, price, product_id, sku, weight_grams) VALUES ('dd836893-ff90-40a6-85e4-e230ba9be4ff', '2026-02-07 15:57:17.277864+00', TRUE, '450.00', '4a45f496-00fc-43c0-ba34-1137e56ec9be', 'GOLDENGLOW-2PC', 100);
INSERT INTO product_variants (id, created_at, is_active, price, product_id, sku, weight_grams) VALUES ('ed3b4c73-c927-4152-8a38-16ebd5d4f2ac', '2026-02-07 15:57:17.277864+00', TRUE, '85.00', '7bd899d2-e50e-4af5-b574-59b5bf4ca5ee', 'SUPREME-70G', 70);
INSERT INTO product_variants (id, created_at, is_active, price, product_id, sku, weight_grams) VALUES ('f563a0bf-23a4-48b3-9165-ecead293dbd0', '2026-02-07 15:57:17.277864+00', TRUE, '400.00', 'f29a33a5-a354-42e0-a1cd-6713cbdfc61e', 'FRUITYPAWS-2PC', 100);
INSERT INTO product_variants (id, created_at, is_active, price, product_id, sku, weight_grams) VALUES ('fc63a0eb-de71-498e-9f09-48664c9eb2b8', '2026-02-07 15:57:17.277864+00', TRUE, '200.00', 'ccd26ecf-8059-4a27-a2db-6ae15da11ca4', 'CHICKEN-200G', 200);

-- INSERT statements for orders
INSERT INTO orders (id, created_at, updated_at, confirmed_date, customer_id, delivered_date, delivery_address_id, delivery_created, delivery_created_at, delivery_delivered_at, delivery_fee, delivery_in_transit_at, delivery_notes, delivery_pickedup_at, order_date, order_number, payment_method, payment_status, production_completed_at, production_start_date, production_started_at, ready_date, status, subtotal, total_amount) VALUES ('00b2483c-1fdf-4516-9bd9-92178b7b545b', '2026-01-26 20:47:12.127509+00', '2026-01-26 20:47:12.127509+00', NULL, '1bdc0d75-de5a-462e-8050-78169ac09139', NULL, NULL, FALSE, NULL, NULL, '40.00', NULL, '{"customer_name":"Admin User","customer_phone":"9953940842","customer_email":"","customer_whatsapp":"9953940842","address_line1":"123, Abc lane","address_line2":"","landmark":"","city":"Delhi","state":"Delhi","pincode":"110001","delivery_notes":"","is_guest_order":false}', NULL, '2026-01-26 20:47:12.127509+00', 'ORD-60432364', 'online', 'pending', NULL, NULL, NULL, NULL, 'pending', '470.00', '510.00');
INSERT INTO orders (id, created_at, updated_at, confirmed_date, customer_id, delivered_date, delivery_address_id, delivery_created, delivery_created_at, delivery_delivered_at, delivery_fee, delivery_in_transit_at, delivery_notes, delivery_pickedup_at, order_date, order_number, payment_method, payment_status, production_completed_at, production_start_date, production_started_at, ready_date, status, subtotal, total_amount) VALUES ('039892e3-b4e4-4ebd-ab7b-1d42302ddaa3', '2026-01-26 21:22:21.589297+00', '2026-01-26 21:22:21.589297+00', NULL, '1bdc0d75-de5a-462e-8050-78169ac09139', NULL, NULL, FALSE, NULL, NULL, '40.00', NULL, '{"customer_name":"Aditya Srivastava","customer_phone":"+919953940842","customer_email":"aditya01889@gmail.com","customer_whatsapp":"+919953940842","address_line1":"603, Tower - B5, Jaypee Klassic, Sector - 134, Noida","address_line2":"","landmark":"","city":"Noida","state":"Uttar Pradesh","pincode":"201304","delivery_notes":"","is_guest_order":false}', NULL, '2026-01-26 21:22:21.589297+00', 'ORD-62541885', 'online', 'pending', NULL, NULL, NULL, NULL, 'pending', '470.00', '510.00');
INSERT INTO orders (id, created_at, updated_at, confirmed_date, customer_id, delivered_date, delivery_address_id, delivery_created, delivery_created_at, delivery_delivered_at, delivery_fee, delivery_in_transit_at, delivery_notes, delivery_pickedup_at, order_date, order_number, payment_method, payment_status, production_completed_at, production_start_date, production_started_at, ready_date, status, subtotal, total_amount) VALUES ('09a21282-b781-4b46-968c-74ec4c5212c1', '2026-01-26 20:31:02.162697+00', '2026-01-26 20:31:02.162697+00', NULL, '1bdc0d75-de5a-462e-8050-78169ac09139', NULL, NULL, FALSE, NULL, NULL, '40.00', NULL, '{"customer_name":"Aditya Srivastava","customer_phone":"+919953940842","customer_email":"aditya01889@gmail.com","customer_whatsapp":"+919953940842","address_line1":"603, Tower - B5, Jaypee Klassic, Sector - 134, Noida","address_line2":"","landmark":"","city":"Noida","state":"Uttar Pradesh","pincode":"201304","delivery_notes":"","is_guest_order":false}', NULL, '2026-01-26 20:31:02.162697+00', 'ORD-59462388', 'online', 'pending', NULL, NULL, NULL, NULL, 'pending', '470.00', '510.00');
INSERT INTO orders (id, created_at, updated_at, confirmed_date, customer_id, delivered_date, delivery_address_id, delivery_created, delivery_created_at, delivery_delivered_at, delivery_fee, delivery_in_transit_at, delivery_notes, delivery_pickedup_at, order_date, order_number, payment_method, payment_status, production_completed_at, production_start_date, production_started_at, ready_date, status, subtotal, total_amount) VALUES ('0a5ca4ef-1398-4bc6-9d9e-fc455506d908', '2026-01-29 11:33:19.686127+00', '2026-01-29 11:33:19.686127+00', NULL, NULL, NULL, NULL, FALSE, NULL, NULL, '0.00', NULL, '{"customer_name":"Aditya Srivastava","customer_phone":"+919953940842","customer_email":"aditya01889@gmail.com","customer_whatsapp":"+919953940842","address_line1":"603, Tower - B5, Jaypee Klassic, Sector - 134, Noida","address_line2":"","landmark":"","city":"Noida","state":"Uttar Pradesh","pincode":"201304","delivery_notes":"","delivery_location":null,"is_guest_order":true}', NULL, '2026-01-29 11:33:19.686127+00', 'ORD-86399972', 'online', 'pending', NULL, NULL, NULL, NULL, 'pending', '570.00', '570.00');
INSERT INTO orders (id, created_at, updated_at, confirmed_date, customer_id, delivered_date, delivery_address_id, delivery_created, delivery_created_at, delivery_delivered_at, delivery_fee, delivery_in_transit_at, delivery_notes, delivery_pickedup_at, order_date, order_number, payment_method, payment_status, production_completed_at, production_start_date, production_started_at, ready_date, status, subtotal, total_amount) VALUES ('0c09b0d9-f404-4715-8aa2-abc38d3d8720', '2026-01-16 15:43:19.038653+00', '2026-01-25 19:51:33.598599+00', '2026-01-23 20:01:23.085+00', NULL, NULL, NULL, TRUE, NULL, NULL, '40.00', NULL, '{"customer_name":"Aditya Srivastava","customer_phone":"+919953940842","customer_email":"aditya01889@gmail.com","customer_whatsapp":"+919953940842","address_line1":"603, Tower - B5, Jaypee Klassic, Sector - 134, Noida","address_line2":"Sector 134","landmark":"","city":"Noida","state":"Uttar Pradesh","pincode":"201304","delivery_notes":"","is_guest_order":true}', NULL, '2026-01-16 15:43:19.038653+00', 'ORD-78197887', 'cod', 'pending', NULL, '2026-01-23 20:01:23.085+00', NULL, '2026-01-23 20:02:15.452+00', 'out_for_delivery', '300.00', '340.00');
INSERT INTO orders (id, created_at, updated_at, confirmed_date, customer_id, delivered_date, delivery_address_id, delivery_created, delivery_created_at, delivery_delivered_at, delivery_fee, delivery_in_transit_at, delivery_notes, delivery_pickedup_at, order_date, order_number, payment_method, payment_status, production_completed_at, production_start_date, production_started_at, ready_date, status, subtotal, total_amount) VALUES ('0d8458f7-f70e-4af9-800a-a7cb663e1e02', '2026-01-28 15:43:51.686742+00', '2026-01-28 15:43:51.686742+00', NULL, NULL, NULL, NULL, FALSE, NULL, NULL, '40.00', NULL, '{"customer_name":"Aditya Srivastava","customer_phone":"+919953940842","customer_email":"aditya01889@gmail.com","customer_whatsapp":"+919953940842","address_line1":"603, Tower - B5, Jaypee Klassic, Sector - 134, Noida","address_line2":"","landmark":"","city":"Noida","state":"Uttar Pradesh","pincode":"201304","delivery_notes":"","delivery_location":null,"is_guest_order":true}', NULL, '2026-01-28 15:43:51.686742+00', 'ORD-15032892', 'online', 'pending', NULL, NULL, NULL, NULL, 'pending', '270.00', '310.00');
INSERT INTO orders (id, created_at, updated_at, confirmed_date, customer_id, delivered_date, delivery_address_id, delivery_created, delivery_created_at, delivery_delivered_at, delivery_fee, delivery_in_transit_at, delivery_notes, delivery_pickedup_at, order_date, order_number, payment_method, payment_status, production_completed_at, production_start_date, production_started_at, ready_date, status, subtotal, total_amount) VALUES ('105affb8-97f9-4fdb-ad9b-d658650adb9d', '2026-01-29 11:40:37.783291+00', '2026-01-29 11:40:37.783291+00', NULL, NULL, NULL, NULL, FALSE, NULL, NULL, '0.00', NULL, '{"customer_name":"Aditya Srivastava","customer_phone":"+919953940842","customer_email":"aditya01889@gmail.com","customer_whatsapp":"+919953940842","address_line1":"603, Tower - B5, Jaypee Klassic, Sector - 134, Noida","address_line2":"","landmark":"","city":"Noida","state":"Uttar Pradesh","pincode":"201304","delivery_notes":"","delivery_location":null,"is_guest_order":true}', NULL, '2026-01-29 11:40:37.783291+00', 'ORD-86838092', 'online', 'pending', NULL, NULL, NULL, NULL, 'pending', '570.00', '570.00');
INSERT INTO orders (id, created_at, updated_at, confirmed_date, customer_id, delivered_date, delivery_address_id, delivery_created, delivery_created_at, delivery_delivered_at, delivery_fee, delivery_in_transit_at, delivery_notes, delivery_pickedup_at, order_date, order_number, payment_method, payment_status, production_completed_at, production_start_date, production_started_at, ready_date, status, subtotal, total_amount) VALUES ('116e2163-c63a-4588-9362-95c208433e31', '2026-01-18 20:07:21.966253+00', '2026-01-25 19:51:33.598599+00', '2026-01-25 18:11:01.475+00', '1bdc0d75-de5a-462e-8050-78169ac09139', NULL, NULL, FALSE, NULL, NULL, '40.00', NULL, '{"customer_name":"Aditya Srivastava","customer_phone":"+919953940842","customer_email":"aditya01889@gmail.com","customer_whatsapp":"+919953940842","address_line1":"603, Tower - B5, Jaypee Klassic, Sector - 134, Noida","address_line2":"","landmark":"","city":"Noida","state":"Uttar Pradesh","pincode":"201304","delivery_notes":"","is_guest_order":false}', NULL, '2026-01-18 20:07:21.966253+00', 'ORD-66837131', 'online', 'pending', NULL, '2026-01-25 18:11:01.475+00', NULL, '2026-01-25 18:11:26.564+00', 'ready', '470.00', '510.00');
INSERT INTO orders (id, created_at, updated_at, confirmed_date, customer_id, delivered_date, delivery_address_id, delivery_created, delivery_created_at, delivery_delivered_at, delivery_fee, delivery_in_transit_at, delivery_notes, delivery_pickedup_at, order_date, order_number, payment_method, payment_status, production_completed_at, production_start_date, production_started_at, ready_date, status, subtotal, total_amount) VALUES ('124abe10-61bb-41e5-8437-4533dac67a67', '2026-01-29 11:07:12.700872+00', '2026-01-29 11:07:12.700872+00', NULL, '1bdc0d75-de5a-462e-8050-78169ac09139', NULL, NULL, FALSE, NULL, NULL, '40.00', NULL, '{"customer_name":"Admin User","customer_phone":"+919953940842","customer_email":"aditya01889@gmail.com","customer_whatsapp":"+919953940842","address_line1":"603, Tower - B5, Jaypee Klassic, Sector - 134, Noida","address_line2":"","landmark":"","city":"Noida","state":"Uttar Pradesh","pincode":"201304","delivery_notes":"","delivery_location":null,"is_guest_order":false}', NULL, '2026-01-29 11:07:12.700872+00', 'ORD-84831713', 'online', 'pending', NULL, NULL, NULL, NULL, 'pending', '300.00', '340.00');
INSERT INTO orders (id, created_at, updated_at, confirmed_date, customer_id, delivered_date, delivery_address_id, delivery_created, delivery_created_at, delivery_delivered_at, delivery_fee, delivery_in_transit_at, delivery_notes, delivery_pickedup_at, order_date, order_number, payment_method, payment_status, production_completed_at, production_start_date, production_started_at, ready_date, status, subtotal, total_amount) VALUES ('14cf586b-a754-4128-99bf-e0961fc87955', '2026-01-18 20:25:37.19322+00', '2026-01-25 19:51:33.598599+00', NULL, '1bdc0d75-de5a-462e-8050-78169ac09139', NULL, NULL, TRUE, NULL, NULL, '40.00', NULL, '{"customer_name":"Aditya Srivastava","customer_phone":"+919953940842","customer_email":"aditya01889@gmail.com","customer_whatsapp":"+919953940842","address_line1":"603, Tower - B5, Jaypee Klassic, Sector - 134, Noida","address_line2":"","landmark":"","city":"Noida","state":"Uttar Pradesh","pincode":"201304","delivery_notes":"","is_guest_order":false}', NULL, '2026-01-18 20:25:37.19322+00', 'ORD-67932407', 'online', 'paid', NULL, NULL, NULL, '2026-01-23 22:14:52.459+00', 'out_for_delivery', '470.00', '510.00');
INSERT INTO orders (id, created_at, updated_at, confirmed_date, customer_id, delivered_date, delivery_address_id, delivery_created, delivery_created_at, delivery_delivered_at, delivery_fee, delivery_in_transit_at, delivery_notes, delivery_pickedup_at, order_date, order_number, payment_method, payment_status, production_completed_at, production_start_date, production_started_at, ready_date, status, subtotal, total_amount) VALUES ('16a242be-8ba9-4ef7-9be9-e359379163ff', '2026-01-26 21:16:26.649524+00', '2026-01-26 21:16:26.649524+00', NULL, '1bdc0d75-de5a-462e-8050-78169ac09139', NULL, NULL, FALSE, NULL, NULL, '40.00', NULL, '{"customer_name":"Aditya Srivastava","customer_phone":"+919953940842","customer_email":"aditya01889@gmail.com","customer_whatsapp":"+919953940842","address_line1":"603, Tower - B5, Jaypee Klassic, Sector - 134, Noida","address_line2":"","landmark":"","city":"Noida","state":"Uttar Pradesh","pincode":"201304","delivery_notes":"","is_guest_order":false}', NULL, '2026-01-26 21:16:26.649524+00', 'ORD-62186955', 'online', 'pending', NULL, NULL, NULL, NULL, 'pending', '470.00', '510.00');
INSERT INTO orders (id, created_at, updated_at, confirmed_date, customer_id, delivered_date, delivery_address_id, delivery_created, delivery_created_at, delivery_delivered_at, delivery_fee, delivery_in_transit_at, delivery_notes, delivery_pickedup_at, order_date, order_number, payment_method, payment_status, production_completed_at, production_start_date, production_started_at, ready_date, status, subtotal, total_amount) VALUES ('19c65ff1-f2b7-49b4-b5ed-e989bd321a45', '2026-01-18 20:16:45.366001+00', '2026-01-25 19:51:33.598599+00', '2026-01-25 18:52:23.844+00', '1bdc0d75-de5a-462e-8050-78169ac09139', NULL, NULL, TRUE, NULL, NULL, '40.00', NULL, '{"customer_name":"Aditya Srivastava","customer_phone":"+919953940842","customer_email":"aditya01889@gmail.com","customer_whatsapp":"+919953940842","address_line1":"603, Tower - B5, Jaypee Klassic, Sector - 134, Noida","address_line2":"","landmark":"","city":"Noida","state":"Uttar Pradesh","pincode":"201304","delivery_notes":"","is_guest_order":false}', NULL, '2026-01-18 20:16:45.366001+00', 'ORD-67400565', 'online', 'pending', NULL, '2026-01-25 18:52:23.844+00', NULL, '2026-01-25 18:56:55.313+00', 'out_for_delivery', '470.00', '510.00');
INSERT INTO orders (id, created_at, updated_at, confirmed_date, customer_id, delivered_date, delivery_address_id, delivery_created, delivery_created_at, delivery_delivered_at, delivery_fee, delivery_in_transit_at, delivery_notes, delivery_pickedup_at, order_date, order_number, payment_method, payment_status, production_completed_at, production_start_date, production_started_at, ready_date, status, subtotal, total_amount) VALUES ('19f9d832-1912-4175-8e02-4fb6ff52b394', '2026-01-28 15:25:01.097862+00', '2026-01-28 15:25:01.097862+00', NULL, NULL, NULL, NULL, FALSE, NULL, NULL, '40.00', NULL, '{"customer_name":"Aditya Srivastava","customer_phone":"+919953940842","customer_email":"aditya01889@gmail.com","customer_whatsapp":"+919953940842","address_line1":"603, Tower - B5, Jaypee Klassic, Sector - 134, Noida","address_line2":"","landmark":"","city":"Noida","state":"Uttar Pradesh","pincode":"201304","delivery_notes":"","delivery_location":null,"is_guest_order":true}', NULL, '2026-01-28 15:25:01.097862+00', 'ORD-13899958', 'online', 'pending', NULL, NULL, NULL, NULL, 'pending', '370.00', '410.00');
INSERT INTO orders (id, created_at, updated_at, confirmed_date, customer_id, delivered_date, delivery_address_id, delivery_created, delivery_created_at, delivery_delivered_at, delivery_fee, delivery_in_transit_at, delivery_notes, delivery_pickedup_at, order_date, order_number, payment_method, payment_status, production_completed_at, production_start_date, production_started_at, ready_date, status, subtotal, total_amount) VALUES ('219126f7-a384-42dc-ad7a-5c9b10b08127', '2026-01-26 20:11:49.423808+00', '2026-01-26 20:11:49.423808+00', NULL, '1bdc0d75-de5a-462e-8050-78169ac09139', NULL, NULL, FALSE, NULL, NULL, '40.00', NULL, '{"customer_name":"Aditya Srivastava","customer_phone":"+919953940842","customer_email":"aditya01889@gmail.com","customer_whatsapp":"+919953940842","address_line1":"603, Tower - B5, Jaypee Klassic, Sector - 134, Noida","address_line2":"","landmark":"","city":"Noida","state":"Uttar Pradesh","pincode":"201304","delivery_notes":"","is_guest_order":false}', NULL, '2026-01-26 20:11:49.423808+00', 'ORD-58309622', 'online', 'pending', NULL, NULL, NULL, NULL, 'pending', '470.00', '510.00');
INSERT INTO orders (id, created_at, updated_at, confirmed_date, customer_id, delivered_date, delivery_address_id, delivery_created, delivery_created_at, delivery_delivered_at, delivery_fee, delivery_in_transit_at, delivery_notes, delivery_pickedup_at, order_date, order_number, payment_method, payment_status, production_completed_at, production_start_date, production_started_at, ready_date, status, subtotal, total_amount) VALUES ('21aa7e58-4d2f-487b-bfbc-ba9c29cdf079', '2026-01-17 07:12:18.527451+00', '2026-01-25 19:51:33.598599+00', '2026-01-23 22:28:43.45+00', NULL, NULL, NULL, TRUE, NULL, NULL, '40.00', NULL, '{"customer_name":"Aditya Srivastava","customer_phone":"+919953940842","customer_email":"aditya01889@gmail.com","customer_whatsapp":"+919953940842","address_line1":"603, Tower - B5, Jaypee Klassic, Sector - 134, Noida","address_line2":"","landmark":"","city":"Noida","state":"Uttar Pradesh","pincode":"201304","delivery_notes":"","is_guest_order":true}', NULL, '2026-01-17 07:12:18.527451+00', 'ORD-33936528', 'cod', 'pending', NULL, '2026-01-23 22:28:43.45+00', NULL, '2026-01-24 12:24:10.158+00', 'out_for_delivery', '400.00', '440.00');
INSERT INTO orders (id, created_at, updated_at, confirmed_date, customer_id, delivered_date, delivery_address_id, delivery_created, delivery_created_at, delivery_delivered_at, delivery_fee, delivery_in_transit_at, delivery_notes, delivery_pickedup_at, order_date, order_number, payment_method, payment_status, production_completed_at, production_start_date, production_started_at, ready_date, status, subtotal, total_amount) VALUES ('239d581f-848f-41af-a9f6-38acd3e6af5d', '2026-01-26 11:23:53.513458+00', '2026-01-26 11:23:53.513458+00', NULL, '1bdc0d75-de5a-462e-8050-78169ac09139', NULL, NULL, FALSE, NULL, NULL, '40.00', NULL, '{"customer_name":"Aditya Srivastava","customer_phone":"+919953940842","customer_email":"aditya01889@gmail.com","customer_whatsapp":"+919953940842","address_line1":"603, Tower - B5, Jaypee Klassic, Sector - 134, Noida","address_line2":"","landmark":"","city":"Noida","state":"Uttar Pradesh","pincode":"201304","delivery_notes":"","is_guest_order":false}', NULL, '2026-01-26 11:23:53.513458+00', 'ORD-26633295', 'online', 'pending', NULL, NULL, NULL, NULL, 'pending', '300.00', '340.00');
INSERT INTO orders (id, created_at, updated_at, confirmed_date, customer_id, delivered_date, delivery_address_id, delivery_created, delivery_created_at, delivery_delivered_at, delivery_fee, delivery_in_transit_at, delivery_notes, delivery_pickedup_at, order_date, order_number, payment_method, payment_status, production_completed_at, production_start_date, production_started_at, ready_date, status, subtotal, total_amount) VALUES ('2efd5832-cc0c-4d83-a556-f38c467f5c74', '2026-01-26 20:28:11.23505+00', '2026-01-26 20:28:11.23505+00', NULL, '1bdc0d75-de5a-462e-8050-78169ac09139', NULL, NULL, FALSE, NULL, NULL, '40.00', NULL, '{"customer_name":"Admin User","customer_phone":"+919953940842","customer_email":"aditya01889@gmail.com","customer_whatsapp":"+919953940842","address_line1":"603, Tower - B5, Jaypee Klassic, Sector - 134, Noida","address_line2":"","landmark":"","city":"Noida","state":"Uttar Pradesh","pincode":"201304","delivery_notes":"","is_guest_order":false}', NULL, '2026-01-26 20:28:11.23505+00', 'ORD-59291471', 'online', 'pending', NULL, NULL, NULL, NULL, 'pending', '470.00', '510.00');
INSERT INTO orders (id, created_at, updated_at, confirmed_date, customer_id, delivered_date, delivery_address_id, delivery_created, delivery_created_at, delivery_delivered_at, delivery_fee, delivery_in_transit_at, delivery_notes, delivery_pickedup_at, order_date, order_number, payment_method, payment_status, production_completed_at, production_start_date, production_started_at, ready_date, status, subtotal, total_amount) VALUES ('30671888-b26f-456c-bae4-cec69c1e6a49', '2026-01-17 09:03:37.092453+00', '2026-01-25 19:51:33.598599+00', NULL, '6fec6f12-473a-4218-9ed5-783233bc4252', NULL, NULL, TRUE, NULL, NULL, '0.00', NULL, '{"customer_name":"Priyanka Yadav","customer_phone":"+919953940842","customer_email":"cozycatkitchen@gmail.com","customer_whatsapp":"+919953940842","address_line1":"603, Tower - B5, Jaypee Klassic, Sector - 134, Noida","address_line2":"","landmark":"","city":"Noida","state":"Uttar Pradesh","pincode":"201304","delivery_notes":"","is_guest_order":false}', NULL, '2026-01-17 09:03:37.092453+00', 'ORD-40617048', 'cod', 'pending', NULL, NULL, NULL, NULL, 'out_for_delivery', '520.00', '520.00');
INSERT INTO orders (id, created_at, updated_at, confirmed_date, customer_id, delivered_date, delivery_address_id, delivery_created, delivery_created_at, delivery_delivered_at, delivery_fee, delivery_in_transit_at, delivery_notes, delivery_pickedup_at, order_date, order_number, payment_method, payment_status, production_completed_at, production_start_date, production_started_at, ready_date, status, subtotal, total_amount) VALUES ('30a5e714-2b56-42b9-a439-2682d6abc289', '2026-01-28 14:15:29.803841+00', '2026-01-28 14:15:29.803841+00', NULL, '1bdc0d75-de5a-462e-8050-78169ac09139', NULL, NULL, FALSE, NULL, NULL, '40.00', NULL, '{"customer_name":"Admin User","customer_phone":"+919953940842","customer_email":"aditya01889@gmail.com","customer_whatsapp":"+919953940842","address_line1":"603, Tower - B5, Jaypee Klassic, Sector - 134, Noida","address_line2":"","landmark":"","city":"Noida","state":"Uttar Pradesh","pincode":"201304","delivery_notes":"","delivery_location":null,"is_guest_order":false}', NULL, '2026-01-28 14:15:29.803841+00', 'ORD-09730874', 'online', 'pending', NULL, NULL, NULL, NULL, 'pending', '270.00', '310.00');
INSERT INTO orders (id, created_at, updated_at, confirmed_date, customer_id, delivered_date, delivery_address_id, delivery_created, delivery_created_at, delivery_delivered_at, delivery_fee, delivery_in_transit_at, delivery_notes, delivery_pickedup_at, order_date, order_number, payment_method, payment_status, production_completed_at, production_start_date, production_started_at, ready_date, status, subtotal, total_amount) VALUES ('3a2be9a6-588a-4a93-9e04-999216891c31', '2026-01-13 19:13:41.43316+00', '2026-01-25 19:51:33.598599+00', NULL, NULL, NULL, NULL, TRUE, NULL, NULL, '0.00', NULL, '{"customer_name":"Aditya Srivastava","customer_phone":"+919953940842","customer_email":"aditya01889@gmail.com","customer_whatsapp":"+919953940842","address_line1":"603, Tower - B5, Jaypee Klassic, Sector - 134, Noida","address_line2":"Sector 134","landmark":"","city":"Noida","state":"Uttar Pradesh","pincode":"201304","delivery_notes":""}', NULL, '2026-01-13 19:13:41.43316+00', 'ORD-31621538', 'cod', 'pending', NULL, NULL, NULL, NULL, 'out_for_delivery', '580.00', '580.00');
INSERT INTO orders (id, created_at, updated_at, confirmed_date, customer_id, delivered_date, delivery_address_id, delivery_created, delivery_created_at, delivery_delivered_at, delivery_fee, delivery_in_transit_at, delivery_notes, delivery_pickedup_at, order_date, order_number, payment_method, payment_status, production_completed_at, production_start_date, production_started_at, ready_date, status, subtotal, total_amount) VALUES ('3cf3d6af-26a5-4c1c-9320-caa59ae8f33c', '2026-01-13 19:10:20.61871+00', '2026-01-24 00:21:02.071323+00', NULL, NULL, NULL, NULL, FALSE, NULL, NULL, '0.00', NULL, '{"customer_name":"Aditya Srivastava","customer_phone":"+919953940842","customer_email":"aditya01889@gmail.com","customer_whatsapp":"+919953940842","address_line1":"603, Tower - B5, Jaypee Klassic, Sector - 134, Noida","address_line2":"Sector 134","landmark":"","city":"Noida","state":"Uttar Pradesh","pincode":"201304","delivery_notes":""}::{"cancellation_reason":"No order items found - data corruption detected","cancellation_date":"2026-01-24 00:21:02.071323+00"}', NULL, '2026-01-13 19:10:20.61871+00', 'ORD-31420392', 'cod', 'pending', NULL, NULL, NULL, NULL, 'cancelled', '580.00', '0.00');
INSERT INTO orders (id, created_at, updated_at, confirmed_date, customer_id, delivered_date, delivery_address_id, delivery_created, delivery_created_at, delivery_delivered_at, delivery_fee, delivery_in_transit_at, delivery_notes, delivery_pickedup_at, order_date, order_number, payment_method, payment_status, production_completed_at, production_start_date, production_started_at, ready_date, status, subtotal, total_amount) VALUES ('3ed7e601-fe7a-4778-8f0f-2b541e17bca8', '2026-01-28 14:59:00.868672+00', '2026-01-28 14:59:00.868672+00', NULL, NULL, NULL, NULL, FALSE, NULL, NULL, '40.00', NULL, '{"customer_name":"Aditya Srivastava","customer_phone":"+919953940842","customer_email":"aditya01889@gmail.com","customer_whatsapp":"+919953940842","address_line1":"603, Tower - B5, Jaypee Klassic, Sector - 134, Noida","address_line2":"","landmark":"","city":"Noida","state":"Uttar Pradesh","pincode":"201304","delivery_notes":"","delivery_location":null,"is_guest_order":true}', NULL, '2026-01-28 14:59:00.868672+00', 'ORD-12339759', 'online', 'pending', NULL, NULL, NULL, NULL, 'pending', '370.00', '410.00');
INSERT INTO orders (id, created_at, updated_at, confirmed_date, customer_id, delivered_date, delivery_address_id, delivery_created, delivery_created_at, delivery_delivered_at, delivery_fee, delivery_in_transit_at, delivery_notes, delivery_pickedup_at, order_date, order_number, payment_method, payment_status, production_completed_at, production_start_date, production_started_at, ready_date, status, subtotal, total_amount) VALUES ('4005542a-5506-45b8-b84c-6e8b7c7bd224', '2026-01-26 19:54:39.663822+00', '2026-01-26 19:54:39.663822+00', NULL, '1bdc0d75-de5a-462e-8050-78169ac09139', NULL, NULL, FALSE, NULL, NULL, '40.00', NULL, '{"customer_name":"Aditya Srivastava","customer_phone":"+919953940842","customer_email":"aditya01889@gmail.com","customer_whatsapp":"+919953940842","address_line1":"603, Tower - B5, Jaypee Klassic, Sector - 134, Noida","address_line2":"","landmark":"","city":"Noida","state":"Uttar Pradesh","pincode":"201304","delivery_notes":"","is_guest_order":false}', NULL, '2026-01-26 19:54:39.663822+00', 'ORD-57279845', 'online', 'pending', NULL, NULL, NULL, NULL, 'pending', '470.00', '510.00');
INSERT INTO orders (id, created_at, updated_at, confirmed_date, customer_id, delivered_date, delivery_address_id, delivery_created, delivery_created_at, delivery_delivered_at, delivery_fee, delivery_in_transit_at, delivery_notes, delivery_pickedup_at, order_date, order_number, payment_method, payment_status, production_completed_at, production_start_date, production_started_at, ready_date, status, subtotal, total_amount) VALUES ('4770fc0b-a42c-4345-88f0-04fdeaa5a579', '2026-01-26 21:15:52.786934+00', '2026-01-26 21:15:52.786934+00', NULL, '1bdc0d75-de5a-462e-8050-78169ac09139', NULL, NULL, FALSE, NULL, NULL, '40.00', NULL, '{"customer_name":"Aditya Srivastava","customer_phone":"+919953940842","customer_email":"aditya01889@gmail.com","customer_whatsapp":"+919953940842","address_line1":"603, Tower - B5, Jaypee Klassic, Sector - 134, Noida","address_line2":"","landmark":"","city":"Noida","state":"Uttar Pradesh","pincode":"201304","delivery_notes":"","is_guest_order":false}', NULL, '2026-01-26 21:15:52.786934+00', 'ORD-62153094', 'online', 'pending', NULL, NULL, NULL, NULL, 'pending', '470.00', '510.00');
INSERT INTO orders (id, created_at, updated_at, confirmed_date, customer_id, delivered_date, delivery_address_id, delivery_created, delivery_created_at, delivery_delivered_at, delivery_fee, delivery_in_transit_at, delivery_notes, delivery_pickedup_at, order_date, order_number, payment_method, payment_status, production_completed_at, production_start_date, production_started_at, ready_date, status, subtotal, total_amount) VALUES ('49ffd9b0-628c-42b2-a4b3-23042aa6c275', '2026-01-17 20:45:57.628114+00', '2026-01-25 20:09:56.407122+00', '2026-01-24 12:25:29.229+00', '1bdc0d75-de5a-462e-8050-78169ac09139', '2026-01-25 20:09:56.407122+00', NULL, TRUE, NULL, '2026-01-25 20:09:56.407122', '40.00', '2026-01-25 20:07:35.830418', '{"customer_name":"Admin User","customer_phone":"+919953940842","customer_email":"aditya01889@gmail.com","customer_whatsapp":"+919953940842","address_line1":"603, Tower - B5, Jaypee Klassic, Sector - 134, Noida","address_line2":"","landmark":"","city":"Noida","state":"Uttar Pradesh","pincode":"201304","delivery_notes":"","is_guest_order":false}', '2026-01-25 20:04:30.049971', '2026-01-17 20:45:57.628114+00', 'ORD-82754929', 'cod', 'pending', NULL, '2026-01-24 12:25:29.229+00', NULL, '2026-01-24 12:25:36.159+00', 'delivered', '400.00', '440.00');
INSERT INTO orders (id, created_at, updated_at, confirmed_date, customer_id, delivered_date, delivery_address_id, delivery_created, delivery_created_at, delivery_delivered_at, delivery_fee, delivery_in_transit_at, delivery_notes, delivery_pickedup_at, order_date, order_number, payment_method, payment_status, production_completed_at, production_start_date, production_started_at, ready_date, status, subtotal, total_amount) VALUES ('4a5142a3-2d8d-478f-bd59-c2f2655b99b7', '2026-01-16 21:08:41.309475+00', '2026-01-25 19:51:33.598599+00', '2026-01-23 22:16:50.996+00', '1bdc0d75-de5a-462e-8050-78169ac09139', NULL, NULL, TRUE, NULL, NULL, '40.00', NULL, '{"customer_name":"Admin User","customer_phone":"+919953940842","customer_email":"aditya01889@gmail.com","customer_whatsapp":"+919953940842","address_line1":"603, Tower - B5, Jaypee Klassic, Sector - 134, Noida","address_line2":"","landmark":"","city":"Noida","state":"Uttar Pradesh","pincode":"201304","delivery_notes":"","is_guest_order":false}', NULL, '2026-01-16 21:08:41.309475+00', 'ORD-97720548', 'cod', 'pending', NULL, '2026-01-23 22:16:50.996+00', NULL, '2026-01-23 22:23:12.414+00', 'out_for_delivery', '400.00', '440.00');
INSERT INTO orders (id, created_at, updated_at, confirmed_date, customer_id, delivered_date, delivery_address_id, delivery_created, delivery_created_at, delivery_delivered_at, delivery_fee, delivery_in_transit_at, delivery_notes, delivery_pickedup_at, order_date, order_number, payment_method, payment_status, production_completed_at, production_start_date, production_started_at, ready_date, status, subtotal, total_amount) VALUES ('501b20e8-aedd-46f9-b4a9-8218d8d302c9', '2026-01-26 21:58:01.053904+00', '2026-01-26 21:58:01.053904+00', NULL, '1bdc0d75-de5a-462e-8050-78169ac09139', NULL, NULL, FALSE, NULL, NULL, '40.00', NULL, '{"customer_name":"Admin User","customer_phone":"+919953940842","customer_email":"aditya01889@gmail.com","customer_whatsapp":"+919953940842","address_line1":"603, Tower - B5, Jaypee Klassic, Sector - 134, Noida","address_line2":"","landmark":"","city":"Noida","state":"Uttar Pradesh","pincode":"201304","delivery_notes":"","is_guest_order":false}', NULL, '2026-01-26 21:58:01.053904+00', 'ORD-64680862', 'online', 'pending', NULL, NULL, NULL, NULL, 'pending', '470.00', '510.00');
INSERT INTO orders (id, created_at, updated_at, confirmed_date, customer_id, delivered_date, delivery_address_id, delivery_created, delivery_created_at, delivery_delivered_at, delivery_fee, delivery_in_transit_at, delivery_notes, delivery_pickedup_at, order_date, order_number, payment_method, payment_status, production_completed_at, production_start_date, production_started_at, ready_date, status, subtotal, total_amount) VALUES ('53765906-5672-4fe6-b648-2a4b866f3bd1', '2026-01-26 20:13:22.191368+00', '2026-01-26 20:13:22.191368+00', NULL, '1bdc0d75-de5a-462e-8050-78169ac09139', NULL, NULL, FALSE, NULL, NULL, '40.00', NULL, '{"customer_name":"Admin User","customer_phone":"+919953940842","customer_email":"aditya01889@gmail.com","customer_whatsapp":"+919953940842","address_line1":"603, Tower - B5, Jaypee Klassic, Sector - 134, Noida","address_line2":"","landmark":"","city":"Noida","state":"Uttar Pradesh","pincode":"201304","delivery_notes":"","is_guest_order":false}', NULL, '2026-01-26 20:13:22.191368+00', 'ORD-58402400', 'online', 'pending', NULL, NULL, NULL, NULL, 'pending', '470.00', '510.00');
INSERT INTO orders (id, created_at, updated_at, confirmed_date, customer_id, delivered_date, delivery_address_id, delivery_created, delivery_created_at, delivery_delivered_at, delivery_fee, delivery_in_transit_at, delivery_notes, delivery_pickedup_at, order_date, order_number, payment_method, payment_status, production_completed_at, production_start_date, production_started_at, ready_date, status, subtotal, total_amount) VALUES ('5666525a-6405-4f8d-aa65-e5a540c0897c', '2026-01-26 19:50:52.358986+00', '2026-01-26 19:50:52.358986+00', NULL, '1bdc0d75-de5a-462e-8050-78169ac09139', NULL, NULL, FALSE, NULL, NULL, '40.00', NULL, '{"customer_name":"Admin User","customer_phone":"+919953940842","customer_email":"aditya01889@gmail.com","customer_whatsapp":"+919953940842","address_line1":"603, Tower - B5, Jaypee Klassic, Sector - 134, Noida","address_line2":"","landmark":"","city":"Noida","state":"Uttar Pradesh","pincode":"201304","delivery_notes":"","is_guest_order":false}', NULL, '2026-01-26 19:50:52.358986+00', 'ORD-57052501', 'online', 'pending', NULL, NULL, NULL, NULL, 'pending', '470.00', '510.00');
INSERT INTO orders (id, created_at, updated_at, confirmed_date, customer_id, delivered_date, delivery_address_id, delivery_created, delivery_created_at, delivery_delivered_at, delivery_fee, delivery_in_transit_at, delivery_notes, delivery_pickedup_at, order_date, order_number, payment_method, payment_status, production_completed_at, production_start_date, production_started_at, ready_date, status, subtotal, total_amount) VALUES ('57c75a1b-ea46-4f9c-a1c6-34e1fdbca7c6', '2026-01-28 15:47:07.666289+00', '2026-01-28 15:47:07.666289+00', NULL, NULL, NULL, NULL, FALSE, NULL, NULL, '40.00', NULL, '{"customer_name":"Aditya Srivastava","customer_phone":"+919953940842","customer_email":"aditya01889@gmail.com","customer_whatsapp":"+919953940842","address_line1":"603, Tower - B5, Jaypee Klassic, Sector - 134, Noida","address_line2":"","landmark":"","city":"Noida","state":"Uttar Pradesh","pincode":"201304","delivery_notes":"","delivery_location":null,"is_guest_order":true}', NULL, '2026-01-28 15:47:07.666289+00', 'ORD-15228893', 'online', 'pending', NULL, NULL, NULL, NULL, 'pending', '270.00', '310.00');
INSERT INTO orders (id, created_at, updated_at, confirmed_date, customer_id, delivered_date, delivery_address_id, delivery_created, delivery_created_at, delivery_delivered_at, delivery_fee, delivery_in_transit_at, delivery_notes, delivery_pickedup_at, order_date, order_number, payment_method, payment_status, production_completed_at, production_start_date, production_started_at, ready_date, status, subtotal, total_amount) VALUES ('58126ba0-44f6-40cc-a324-978eb81aa8da', '2026-01-26 20:31:19.351219+00', '2026-01-26 20:31:19.351219+00', NULL, '1bdc0d75-de5a-462e-8050-78169ac09139', NULL, NULL, FALSE, NULL, NULL, '40.00', NULL, '{"customer_name":"Aditya Srivastava","customer_phone":"+919953940842","customer_email":"aditya01889@gmail.com","customer_whatsapp":"+919953940842","address_line1":"603, Tower - B5, Jaypee Klassic, Sector - 134, Noida","address_line2":"","landmark":"","city":"Noida","state":"Uttar Pradesh","pincode":"201304","delivery_notes":"","is_guest_order":false}', NULL, '2026-01-26 20:31:19.351219+00', 'ORD-59479589', 'online', 'pending', NULL, NULL, NULL, NULL, 'pending', '470.00', '510.00');
INSERT INTO orders (id, created_at, updated_at, confirmed_date, customer_id, delivered_date, delivery_address_id, delivery_created, delivery_created_at, delivery_delivered_at, delivery_fee, delivery_in_transit_at, delivery_notes, delivery_pickedup_at, order_date, order_number, payment_method, payment_status, production_completed_at, production_start_date, production_started_at, ready_date, status, subtotal, total_amount) VALUES ('5a504de3-a8c1-44f4-92bd-ab389a605f42', '2026-01-17 05:25:58.748533+00', '2026-01-25 19:51:33.598599+00', '2026-01-23 22:23:24.67+00', NULL, NULL, NULL, TRUE, NULL, NULL, '40.00', NULL, '{"customer_name":"Aditya Srivastava","customer_phone":"+919953940842","customer_email":"aditya01889@gmail.com","customer_whatsapp":"+919953940842","address_line1":"603, Tower - B5, Jaypee Klassic, Sector - 134, Noida","address_line2":"","landmark":"","city":"Noida","state":"Uttar Pradesh","pincode":"201304","delivery_notes":"","is_guest_order":true}', NULL, '2026-01-17 05:25:58.748533+00', 'ORD-27558652', 'cod', 'pending', NULL, '2026-01-23 22:23:24.67+00', NULL, '2026-01-23 22:41:42.262+00', 'out_for_delivery', '220.00', '260.00');
INSERT INTO orders (id, created_at, updated_at, confirmed_date, customer_id, delivered_date, delivery_address_id, delivery_created, delivery_created_at, delivery_delivered_at, delivery_fee, delivery_in_transit_at, delivery_notes, delivery_pickedup_at, order_date, order_number, payment_method, payment_status, production_completed_at, production_start_date, production_started_at, ready_date, status, subtotal, total_amount) VALUES ('5b580ef8-6ee4-4cd9-85fc-a11079260b5b', '2026-01-26 20:22:08.063682+00', '2026-01-26 20:22:08.063682+00', NULL, '1bdc0d75-de5a-462e-8050-78169ac09139', NULL, NULL, FALSE, NULL, NULL, '40.00', NULL, '{"customer_name":"Aditya Srivastava","customer_phone":"+919953940842","customer_email":"aditya01889@gmail.com","customer_whatsapp":"+919953940842","address_line1":"603, Tower - B5, Jaypee Klassic, Sector - 134, Noida","address_line2":"","landmark":"","city":"Noida","state":"Uttar Pradesh","pincode":"201304","delivery_notes":"","is_guest_order":false}', NULL, '2026-01-26 20:22:08.063682+00', 'ORD-58928245', 'online', 'pending', NULL, NULL, NULL, NULL, 'pending', '470.00', '510.00');
INSERT INTO orders (id, created_at, updated_at, confirmed_date, customer_id, delivered_date, delivery_address_id, delivery_created, delivery_created_at, delivery_delivered_at, delivery_fee, delivery_in_transit_at, delivery_notes, delivery_pickedup_at, order_date, order_number, payment_method, payment_status, production_completed_at, production_start_date, production_started_at, ready_date, status, subtotal, total_amount) VALUES ('5d46802e-9064-44fc-8b82-aa5da83e9929', '2026-01-25 16:22:34.389178+00', '2026-01-25 19:51:33.598599+00', NULL, '1bdc0d75-de5a-462e-8050-78169ac09139', NULL, NULL, TRUE, NULL, NULL, '40.00', NULL, '{"customer_name":"Admin User","customer_phone":"+919953940842","customer_email":"aditya01889@gmail.com","customer_whatsapp":"+919953940842","address_line1":"603, Tower - B5, Jaypee Klassic, Sector - 134, Noida","address_line2":"","landmark":"","city":"Noida","state":"Uttar Pradesh","pincode":"201304","delivery_notes":"","is_guest_order":false}', NULL, '2026-01-25 16:22:34.389178+00', 'ORD-58151409', 'online', 'paid', NULL, NULL, NULL, '2026-01-25 17:45:00.5+00', 'out_for_delivery', '210.00', '250.00');
INSERT INTO orders (id, created_at, updated_at, confirmed_date, customer_id, delivered_date, delivery_address_id, delivery_created, delivery_created_at, delivery_delivered_at, delivery_fee, delivery_in_transit_at, delivery_notes, delivery_pickedup_at, order_date, order_number, payment_method, payment_status, production_completed_at, production_start_date, production_started_at, ready_date, status, subtotal, total_amount) VALUES ('5feb4f7f-5ad4-411e-833e-16200c1923ba', '2026-01-17 07:18:21.826293+00', '2026-01-25 19:51:33.598599+00', '2026-01-24 12:51:29.245+00', '6fec6f12-473a-4218-9ed5-783233bc4252', NULL, NULL, TRUE, NULL, NULL, '40.00', NULL, '{"customer_name":"Priyanka Yadav","customer_phone":"+919953940842","customer_email":"cozycatkitchen@gmail.com","customer_whatsapp":"+919953940842","address_line1":"603, Tower - B5, Jaypee Klassic, Sector - 134, Noida","address_line2":"","landmark":"","city":"Noida","state":"Uttar Pradesh","pincode":"201304","delivery_notes":"","is_guest_order":false}', NULL, '2026-01-17 07:18:21.826293+00', 'ORD-34299892', 'cod', 'pending', NULL, '2026-01-24 12:51:29.245+00', NULL, NULL, 'out_for_delivery', '340.00', '380.00');
INSERT INTO orders (id, created_at, updated_at, confirmed_date, customer_id, delivered_date, delivery_address_id, delivery_created, delivery_created_at, delivery_delivered_at, delivery_fee, delivery_in_transit_at, delivery_notes, delivery_pickedup_at, order_date, order_number, payment_method, payment_status, production_completed_at, production_start_date, production_started_at, ready_date, status, subtotal, total_amount) VALUES ('601cdfbe-df90-4c56-b81f-812b96dc1dc1', '2026-01-26 20:54:07.298026+00', '2026-01-26 20:54:07.298026+00', NULL, '1bdc0d75-de5a-462e-8050-78169ac09139', NULL, NULL, FALSE, NULL, NULL, '40.00', NULL, '{"customer_name":"Aditya Srivastava","customer_phone":"+919953940842","customer_email":"aditya01889@gmail.com","customer_whatsapp":"+919953940842","address_line1":"603, Tower - B5, Jaypee Klassic, Sector - 134, Noida","address_line2":"","landmark":"","city":"Noida","state":"Uttar Pradesh","pincode":"201304","delivery_notes":"","is_guest_order":false}', NULL, '2026-01-26 20:54:07.298026+00', 'ORD-60847455', 'online', 'pending', NULL, NULL, NULL, NULL, 'pending', '470.00', '510.00');
INSERT INTO orders (id, created_at, updated_at, confirmed_date, customer_id, delivered_date, delivery_address_id, delivery_created, delivery_created_at, delivery_delivered_at, delivery_fee, delivery_in_transit_at, delivery_notes, delivery_pickedup_at, order_date, order_number, payment_method, payment_status, production_completed_at, production_start_date, production_started_at, ready_date, status, subtotal, total_amount) VALUES ('630dbc6f-2179-4ed7-924b-29c9ce2f05ab', '2026-01-26 20:35:53.696764+00', '2026-01-26 20:35:53.696764+00', NULL, '1bdc0d75-de5a-462e-8050-78169ac09139', NULL, NULL, FALSE, NULL, NULL, '40.00', NULL, '{"customer_name":"Admin User","customer_phone":"+919953940842","customer_email":"aditya01889@gmail.com","customer_whatsapp":"+919953940842","address_line1":"603, Tower - B5, Jaypee Klassic, Sector - 134, Noida","address_line2":"","landmark":"","city":"Noida","state":"Uttar Pradesh","pincode":"201304","delivery_notes":"","is_guest_order":false}', NULL, '2026-01-26 20:35:53.696764+00', 'ORD-59753926', 'online', 'pending', NULL, NULL, NULL, NULL, 'pending', '470.00', '510.00');
INSERT INTO orders (id, created_at, updated_at, confirmed_date, customer_id, delivered_date, delivery_address_id, delivery_created, delivery_created_at, delivery_delivered_at, delivery_fee, delivery_in_transit_at, delivery_notes, delivery_pickedup_at, order_date, order_number, payment_method, payment_status, production_completed_at, production_start_date, production_started_at, ready_date, status, subtotal, total_amount) VALUES ('649f1197-14c3-4cfa-b80a-8aad2fc54f67', '2026-01-26 20:20:15.993986+00', '2026-01-26 20:20:15.993986+00', NULL, '1bdc0d75-de5a-462e-8050-78169ac09139', NULL, NULL, FALSE, NULL, NULL, '40.00', NULL, '{"customer_name":"Admin User","customer_phone":"+919953940842","customer_email":"aditya01889@gmail.com","customer_whatsapp":"+919953940842","address_line1":"603, Tower - B5, Jaypee Klassic, Sector - 134, Noida","address_line2":"","landmark":"","city":"Noida","state":"Uttar Pradesh","pincode":"201304","delivery_notes":"","is_guest_order":false}', NULL, '2026-01-26 20:20:15.993986+00', 'ORD-58816216', 'online', 'pending', NULL, NULL, NULL, NULL, 'pending', '470.00', '510.00');
INSERT INTO orders (id, created_at, updated_at, confirmed_date, customer_id, delivered_date, delivery_address_id, delivery_created, delivery_created_at, delivery_delivered_at, delivery_fee, delivery_in_transit_at, delivery_notes, delivery_pickedup_at, order_date, order_number, payment_method, payment_status, production_completed_at, production_start_date, production_started_at, ready_date, status, subtotal, total_amount) VALUES ('64d03ae6-8628-4e14-940f-c90263a425c6', '2026-01-14 08:56:35.680839+00', '2026-01-25 19:51:33.598599+00', NULL, NULL, NULL, NULL, TRUE, NULL, NULL, '40.00', NULL, '{"customer_name":"Aditya Srivastava","customer_phone":"+919953940842","customer_email":"aditya01889@gmail.com","customer_whatsapp":"+919953940842","address_line1":"603, Tower - B5, Jaypee Klassic, Sector - 134, Noida","address_line2":"Sector 134","landmark":"","city":"Noida","state":"Uttar Pradesh","pincode":"201304","delivery_notes":""}', NULL, '2026-01-14 08:56:35.680839+00', 'ORD-80996392', 'cod', 'pending', NULL, NULL, NULL, NULL, 'out_for_delivery', '300.00', '340.00');
INSERT INTO orders (id, created_at, updated_at, confirmed_date, customer_id, delivered_date, delivery_address_id, delivery_created, delivery_created_at, delivery_delivered_at, delivery_fee, delivery_in_transit_at, delivery_notes, delivery_pickedup_at, order_date, order_number, payment_method, payment_status, production_completed_at, production_start_date, production_started_at, ready_date, status, subtotal, total_amount) VALUES ('6b9378b2-5dbf-48d7-9749-e9a7202091bd', '2026-01-13 19:12:08.684792+00', '2026-01-24 00:21:02.071323+00', NULL, NULL, NULL, NULL, FALSE, NULL, NULL, '0.00', NULL, '{"customer_name":"Aditya Srivastava","customer_phone":"+919953940842","customer_email":"aditya01889@gmail.com","customer_whatsapp":"+919953940842","address_line1":"603, Tower - B5, Jaypee Klassic, Sector - 134, Noida","address_line2":"Sector 134","landmark":"","city":"Noida","state":"Uttar Pradesh","pincode":"201304","delivery_notes":""}::{"cancellation_reason":"No order items found - data corruption detected","cancellation_date":"2026-01-24 00:21:02.071323+00"}', NULL, '2026-01-13 19:12:08.684792+00', 'ORD-31528760', 'cod', 'pending', NULL, NULL, NULL, NULL, 'cancelled', '580.00', '0.00');
INSERT INTO orders (id, created_at, updated_at, confirmed_date, customer_id, delivered_date, delivery_address_id, delivery_created, delivery_created_at, delivery_delivered_at, delivery_fee, delivery_in_transit_at, delivery_notes, delivery_pickedup_at, order_date, order_number, payment_method, payment_status, production_completed_at, production_start_date, production_started_at, ready_date, status, subtotal, total_amount) VALUES ('6c0d108f-f997-4d80-8ba9-9ba03a625f82', '2026-01-29 11:07:36.8374+00', '2026-01-29 11:07:36.8374+00', NULL, NULL, NULL, NULL, FALSE, NULL, NULL, '0.00', NULL, '{"customer_name":"Aditya Srivastava","customer_phone":"+919953940842","customer_email":"aditya01889@gmail.com","customer_whatsapp":"+919953940842","address_line1":"603, Tower - B5, Jaypee Klassic, Sector - 134, Noida","address_line2":"","landmark":"","city":"Noida","state":"Uttar Pradesh","pincode":"201304","delivery_notes":"","delivery_location":null,"is_guest_order":true}', NULL, '2026-01-29 11:07:36.8374+00', 'ORD-84857089', 'online', 'pending', NULL, NULL, NULL, NULL, 'pending', '570.00', '570.00');
INSERT INTO orders (id, created_at, updated_at, confirmed_date, customer_id, delivered_date, delivery_address_id, delivery_created, delivery_created_at, delivery_delivered_at, delivery_fee, delivery_in_transit_at, delivery_notes, delivery_pickedup_at, order_date, order_number, payment_method, payment_status, production_completed_at, production_start_date, production_started_at, ready_date, status, subtotal, total_amount) VALUES ('6ee43395-6b26-43aa-aa76-99b327802700', '2026-01-26 20:13:01.07294+00', '2026-01-26 20:13:01.07294+00', NULL, '1bdc0d75-de5a-462e-8050-78169ac09139', NULL, NULL, FALSE, NULL, NULL, '40.00', NULL, '{"customer_name":"Aditya Srivastava","customer_phone":"+919953940842","customer_email":"aditya01889@gmail.com","customer_whatsapp":"+919953940842","address_line1":"603, Tower - B5, Jaypee Klassic, Sector - 134, Noida","address_line2":"","landmark":"","city":"Noida","state":"Uttar Pradesh","pincode":"201304","delivery_notes":"","is_guest_order":false}', NULL, '2026-01-26 20:13:01.07294+00', 'ORD-58381283', 'online', 'pending', NULL, NULL, NULL, NULL, 'pending', '470.00', '510.00');
INSERT INTO orders (id, created_at, updated_at, confirmed_date, customer_id, delivered_date, delivery_address_id, delivery_created, delivery_created_at, delivery_delivered_at, delivery_fee, delivery_in_transit_at, delivery_notes, delivery_pickedup_at, order_date, order_number, payment_method, payment_status, production_completed_at, production_start_date, production_started_at, ready_date, status, subtotal, total_amount) VALUES ('71ef857d-43de-45e8-b84b-7fb2263471c9', '2026-01-14 13:10:03.941192+00', '2026-01-14 15:47:22.995605+00', NULL, NULL, NULL, NULL, FALSE, NULL, NULL, '0.00', NULL, '{"customer_name":"Aditya Srivastava","customer_phone":"+919953940842","customer_email":"aditya01889@gmail.com","customer_whatsapp":"+919953940842","address_line1":"603, Tower - B5, Jaypee Klassic, Sector - 134, Noida","address_line2":"Sector 134","landmark":"","city":"Noida","state":"Uttar Pradesh","pincode":"201304","delivery_notes":""}', NULL, '2026-01-14 13:10:03.941192+00', 'ORD-96204546', 'cod', 'pending', NULL, NULL, NULL, NULL, 'delivered', '900.00', '900.00');
INSERT INTO orders (id, created_at, updated_at, confirmed_date, customer_id, delivered_date, delivery_address_id, delivery_created, delivery_created_at, delivery_delivered_at, delivery_fee, delivery_in_transit_at, delivery_notes, delivery_pickedup_at, order_date, order_number, payment_method, payment_status, production_completed_at, production_start_date, production_started_at, ready_date, status, subtotal, total_amount) VALUES ('728876d1-1480-49fa-8ece-37eeee15bd18', '2026-01-26 20:38:44.669435+00', '2026-01-26 20:38:44.669435+00', NULL, '1bdc0d75-de5a-462e-8050-78169ac09139', NULL, NULL, FALSE, NULL, NULL, '40.00', NULL, '{"customer_name":"Aditya Srivastava","customer_phone":"+919953940842","customer_email":"aditya01889@gmail.com","customer_whatsapp":"+919953940842","address_line1":"603, Tower - B5, Jaypee Klassic, Sector - 134, Noida","address_line2":"","landmark":"","city":"Noida","state":"Uttar Pradesh","pincode":"201304","delivery_notes":"","is_guest_order":false}', NULL, '2026-01-26 20:38:44.669435+00', 'ORD-59924868', 'online', 'pending', NULL, NULL, NULL, NULL, 'pending', '470.00', '510.00');
INSERT INTO orders (id, created_at, updated_at, confirmed_date, customer_id, delivered_date, delivery_address_id, delivery_created, delivery_created_at, delivery_delivered_at, delivery_fee, delivery_in_transit_at, delivery_notes, delivery_pickedup_at, order_date, order_number, payment_method, payment_status, production_completed_at, production_start_date, production_started_at, ready_date, status, subtotal, total_amount) VALUES ('744ffe2b-9f5e-4838-a625-135f7af01fe6', '2026-01-26 20:42:11.039944+00', '2026-01-26 20:42:11.039944+00', NULL, '1bdc0d75-de5a-462e-8050-78169ac09139', NULL, NULL, FALSE, NULL, NULL, '40.00', NULL, '{"customer_name":"Aditya Srivastava","customer_phone":"+919953940842","customer_email":"aditya01889@gmail.com","customer_whatsapp":"+919953940842","address_line1":"603, Tower - B5, Jaypee Klassic, Sector - 134, Noida","address_line2":"","landmark":"","city":"Noida","state":"Uttar Pradesh","pincode":"201304","delivery_notes":"","is_guest_order":false}', NULL, '2026-01-26 20:42:11.039944+00', 'ORD-60131292', 'online', 'pending', NULL, NULL, NULL, NULL, 'pending', '470.00', '510.00');
INSERT INTO orders (id, created_at, updated_at, confirmed_date, customer_id, delivered_date, delivery_address_id, delivery_created, delivery_created_at, delivery_delivered_at, delivery_fee, delivery_in_transit_at, delivery_notes, delivery_pickedup_at, order_date, order_number, payment_method, payment_status, production_completed_at, production_start_date, production_started_at, ready_date, status, subtotal, total_amount) VALUES ('79fa37f1-b935-413b-a7f6-2f0198316992', '2026-01-29 11:44:40.009446+00', '2026-01-29 11:44:40.009446+00', NULL, NULL, NULL, NULL, FALSE, NULL, NULL, '0.00', NULL, '{"customer_name":"Aditya Srivastava","customer_phone":"+919953940842","customer_email":"aditya01889@gmail.com","customer_whatsapp":"+919953940842","address_line1":"603, Tower - B5, Jaypee Klassic, Sector - 134, Noida","address_line2":"","landmark":"","city":"Noida","state":"Uttar Pradesh","pincode":"201304","delivery_notes":"","delivery_location":null,"is_guest_order":true}', NULL, '2026-01-29 11:44:40.009446+00', 'ORD-87080279', 'online', 'pending', NULL, NULL, NULL, NULL, 'pending', '570.00', '570.00');
INSERT INTO orders (id, created_at, updated_at, confirmed_date, customer_id, delivered_date, delivery_address_id, delivery_created, delivery_created_at, delivery_delivered_at, delivery_fee, delivery_in_transit_at, delivery_notes, delivery_pickedup_at, order_date, order_number, payment_method, payment_status, production_completed_at, production_start_date, production_started_at, ready_date, status, subtotal, total_amount) VALUES ('82204a2c-34b4-4ca8-b6ac-030e2959eb84', '2026-01-26 20:49:54.075311+00', '2026-01-26 20:49:54.075311+00', NULL, '1bdc0d75-de5a-462e-8050-78169ac09139', NULL, NULL, FALSE, NULL, NULL, '40.00', NULL, '{"customer_name":"Aditya Srivastava","customer_phone":"9953940842","customer_email":"","customer_whatsapp":"9953940842","address_line1":"123, abc lane","address_line2":"","landmark":"","city":"Delhi","state":"Delhi","pincode":"110001","delivery_notes":"","is_guest_order":false}', NULL, '2026-01-26 20:49:54.075311+00', 'ORD-60594318', 'online', 'pending', NULL, NULL, NULL, NULL, 'pending', '470.00', '510.00');
INSERT INTO orders (id, created_at, updated_at, confirmed_date, customer_id, delivered_date, delivery_address_id, delivery_created, delivery_created_at, delivery_delivered_at, delivery_fee, delivery_in_transit_at, delivery_notes, delivery_pickedup_at, order_date, order_number, payment_method, payment_status, production_completed_at, production_start_date, production_started_at, ready_date, status, subtotal, total_amount) VALUES ('87604d24-4926-4d03-a80a-cb2ec02d24e9', '2026-01-26 23:18:57.118657+00', '2026-01-26 23:19:36.828147+00', NULL, '1bdc0d75-de5a-462e-8050-78169ac09139', NULL, NULL, FALSE, NULL, NULL, '40.00', NULL, '{"customer_name":"Admin User","customer_phone":"+919953940842","customer_email":"aditya01889@gmail.com","customer_whatsapp":"+919953940842","address_line1":"603, Tower - B5, Jaypee Klassic, Sector - 134, Noida","address_line2":"","landmark":"","city":"Noida","state":"Uttar Pradesh","pincode":"201304","delivery_notes":"","is_guest_order":false}', NULL, '2026-01-26 23:18:57.118657+00', 'ORD-69537206', 'online', 'paid', NULL, NULL, NULL, NULL, 'confirmed', '470.00', '510.00');
INSERT INTO orders (id, created_at, updated_at, confirmed_date, customer_id, delivered_date, delivery_address_id, delivery_created, delivery_created_at, delivery_delivered_at, delivery_fee, delivery_in_transit_at, delivery_notes, delivery_pickedup_at, order_date, order_number, payment_method, payment_status, production_completed_at, production_start_date, production_started_at, ready_date, status, subtotal, total_amount) VALUES ('9248d516-729a-431c-8bbb-038adf523c90', '2026-01-29 11:46:54.633794+00', '2026-01-29 11:46:54.633794+00', NULL, NULL, NULL, NULL, FALSE, NULL, NULL, '0.00', NULL, '{"customer_name":"Aditya Srivastava","customer_phone":"+919953940842","customer_email":"aditya01889@gmail.com","customer_whatsapp":"+919953940842","address_line1":"603, Tower - B5, Jaypee Klassic, Sector - 134, Noida","address_line2":"","landmark":"","city":"Noida","state":"Uttar Pradesh","pincode":"201304","delivery_notes":"","delivery_location":null,"is_guest_order":true}', NULL, '2026-01-29 11:46:54.633794+00', 'ORD-87214942', 'online', 'pending', NULL, NULL, NULL, NULL, 'pending', '570.00', '570.00');
INSERT INTO orders (id, created_at, updated_at, confirmed_date, customer_id, delivered_date, delivery_address_id, delivery_created, delivery_created_at, delivery_delivered_at, delivery_fee, delivery_in_transit_at, delivery_notes, delivery_pickedup_at, order_date, order_number, payment_method, payment_status, production_completed_at, production_start_date, production_started_at, ready_date, status, subtotal, total_amount) VALUES ('948b9006-32a3-4f83-8026-948040f30897', '2026-01-26 20:45:38.815211+00', '2026-01-26 20:45:38.815211+00', NULL, '1bdc0d75-de5a-462e-8050-78169ac09139', NULL, NULL, FALSE, NULL, NULL, '40.00', NULL, '{"customer_name":"Admin User","customer_phone":"9876543210","customer_email":"aditya01889@gmail.com","customer_whatsapp":"9876543210","address_line1":"abc, 123 lane","address_line2":"","landmark":"","city":"Delhi","state":"Delhi","pincode":"110001","delivery_notes":"","is_guest_order":false}', NULL, '2026-01-26 20:45:38.815211+00', 'ORD-60339016', 'online', 'pending', NULL, NULL, NULL, NULL, 'pending', '470.00', '510.00');
INSERT INTO orders (id, created_at, updated_at, confirmed_date, customer_id, delivered_date, delivery_address_id, delivery_created, delivery_created_at, delivery_delivered_at, delivery_fee, delivery_in_transit_at, delivery_notes, delivery_pickedup_at, order_date, order_number, payment_method, payment_status, production_completed_at, production_start_date, production_started_at, ready_date, status, subtotal, total_amount) VALUES ('96814ae8-64ae-4d9d-b9c7-1ad9686ed2b4', '2026-01-28 14:59:20.755323+00', '2026-01-28 14:59:20.755323+00', NULL, NULL, NULL, NULL, FALSE, NULL, NULL, '40.00', NULL, '{"customer_name":"Aditya Srivastava","customer_phone":"+919953940842","customer_email":"aditya01889@gmail.com","customer_whatsapp":"+919953940842","address_line1":"603, Tower - B5, Jaypee Klassic, Sector - 134, Noida","address_line2":"","landmark":"","city":"Noida","state":"Uttar Pradesh","pincode":"201304","delivery_notes":"","delivery_location":null,"is_guest_order":true}', NULL, '2026-01-28 14:59:20.755323+00', 'ORD-12359714', 'online', 'pending', NULL, NULL, NULL, NULL, 'pending', '370.00', '410.00');
INSERT INTO orders (id, created_at, updated_at, confirmed_date, customer_id, delivered_date, delivery_address_id, delivery_created, delivery_created_at, delivery_delivered_at, delivery_fee, delivery_in_transit_at, delivery_notes, delivery_pickedup_at, order_date, order_number, payment_method, payment_status, production_completed_at, production_start_date, production_started_at, ready_date, status, subtotal, total_amount) VALUES ('9a35313f-223e-46e0-b71d-20fb5d9c7268', '2026-01-29 11:32:37.236289+00', '2026-01-29 11:32:37.236289+00', NULL, NULL, NULL, NULL, FALSE, NULL, NULL, '0.00', NULL, '{"customer_name":"Aditya Srivastava","customer_phone":"+919953940842","customer_email":"aditya01889@gmail.com","customer_whatsapp":"+919953940842","address_line1":"603, Tower - B5, Jaypee Klassic, Sector - 134, Noida","address_line2":"","landmark":"","city":"Noida","state":"Uttar Pradesh","pincode":"201304","delivery_notes":"","delivery_location":null,"is_guest_order":true}', NULL, '2026-01-29 11:32:37.236289+00', 'ORD-86357511', 'online', 'pending', NULL, NULL, NULL, NULL, 'pending', '570.00', '570.00');
INSERT INTO orders (id, created_at, updated_at, confirmed_date, customer_id, delivered_date, delivery_address_id, delivery_created, delivery_created_at, delivery_delivered_at, delivery_fee, delivery_in_transit_at, delivery_notes, delivery_pickedup_at, order_date, order_number, payment_method, payment_status, production_completed_at, production_start_date, production_started_at, ready_date, status, subtotal, total_amount) VALUES ('9b223576-ae9f-4a0d-b8f3-3e7c097daf64', '2026-01-28 15:38:23.17135+00', '2026-01-28 15:38:23.17135+00', NULL, NULL, NULL, NULL, FALSE, NULL, NULL, '40.00', NULL, '{"customer_name":"Aditya Srivastava","customer_phone":"+919953940842","customer_email":"aditya01889@gmail.com","customer_whatsapp":"+919953940842","address_line1":"603, Tower - B5, Jaypee Klassic, Sector - 134, Noida","address_line2":"","landmark":"","city":"Noida","state":"Uttar Pradesh","pincode":"201304","delivery_notes":"","delivery_location":null,"is_guest_order":true}', NULL, '2026-01-28 15:38:23.17135+00', 'ORD-14704324', 'online', 'pending', NULL, NULL, NULL, NULL, 'pending', '270.00', '310.00');
INSERT INTO orders (id, created_at, updated_at, confirmed_date, customer_id, delivered_date, delivery_address_id, delivery_created, delivery_created_at, delivery_delivered_at, delivery_fee, delivery_in_transit_at, delivery_notes, delivery_pickedup_at, order_date, order_number, payment_method, payment_status, production_completed_at, production_start_date, production_started_at, ready_date, status, subtotal, total_amount) VALUES ('9f5dec03-4977-47a9-9f08-4fadebb86b35', '2026-01-26 19:56:45.202239+00', '2026-01-26 19:56:45.202239+00', NULL, '1bdc0d75-de5a-462e-8050-78169ac09139', NULL, NULL, FALSE, NULL, NULL, '40.00', NULL, '{"customer_name":"Aditya Srivastava","customer_phone":"+919953940842","customer_email":"aditya01889@gmail.com","customer_whatsapp":"+919953940842","address_line1":"603, Tower - B5, Jaypee Klassic, Sector - 134, Noida","address_line2":"","landmark":"","city":"Noida","state":"Uttar Pradesh","pincode":"201304","delivery_notes":"","is_guest_order":false}', NULL, '2026-01-26 19:56:45.202239+00', 'ORD-57405392', 'online', 'pending', NULL, NULL, NULL, NULL, 'pending', '470.00', '510.00');
INSERT INTO orders (id, created_at, updated_at, confirmed_date, customer_id, delivered_date, delivery_address_id, delivery_created, delivery_created_at, delivery_delivered_at, delivery_fee, delivery_in_transit_at, delivery_notes, delivery_pickedup_at, order_date, order_number, payment_method, payment_status, production_completed_at, production_start_date, production_started_at, ready_date, status, subtotal, total_amount) VALUES ('a148aca5-c4dd-4151-941b-de375e544a69', '2026-01-26 21:22:34.27431+00', '2026-01-26 21:22:34.27431+00', NULL, '1bdc0d75-de5a-462e-8050-78169ac09139', NULL, NULL, FALSE, NULL, NULL, '40.00', NULL, '{"customer_name":"Aditya Srivastava","customer_phone":"+919953940842","customer_email":"aditya01889@gmail.com","customer_whatsapp":"+919953940842","address_line1":"603, Tower - B5, Jaypee Klassic, Sector - 134, Noida","address_line2":"","landmark":"","city":"Noida","state":"Uttar Pradesh","pincode":"201304","delivery_notes":"","is_guest_order":false}', NULL, '2026-01-26 21:22:34.27431+00', 'ORD-62554584', 'online', 'pending', NULL, NULL, NULL, NULL, 'pending', '470.00', '510.00');
INSERT INTO orders (id, created_at, updated_at, confirmed_date, customer_id, delivered_date, delivery_address_id, delivery_created, delivery_created_at, delivery_delivered_at, delivery_fee, delivery_in_transit_at, delivery_notes, delivery_pickedup_at, order_date, order_number, payment_method, payment_status, production_completed_at, production_start_date, production_started_at, ready_date, status, subtotal, total_amount) VALUES ('a2e960c8-6604-43a9-a430-afa6bc74502c', '2026-01-29 03:14:55.676051+00', '2026-01-29 03:14:55.676051+00', NULL, NULL, NULL, NULL, FALSE, NULL, NULL, '0.00', NULL, '{"customer_name":"Aditya Srivastava","customer_phone":"+919953940842","customer_email":"aditya01889@gmail.com","customer_whatsapp":"+919953940842","address_line1":"603, Tower - B5, Jaypee Klassic, Sector - 134, Noida","address_line2":"","landmark":"","city":"Noida","state":"Uttar Pradesh","pincode":"201304","delivery_notes":"","delivery_location":null,"is_guest_order":true}', NULL, '2026-01-29 03:14:55.676051+00', 'ORD-56494672', 'online', 'pending', NULL, NULL, NULL, NULL, 'pending', '770.00', '770.00');
INSERT INTO orders (id, created_at, updated_at, confirmed_date, customer_id, delivered_date, delivery_address_id, delivery_created, delivery_created_at, delivery_delivered_at, delivery_fee, delivery_in_transit_at, delivery_notes, delivery_pickedup_at, order_date, order_number, payment_method, payment_status, production_completed_at, production_start_date, production_started_at, ready_date, status, subtotal, total_amount) VALUES ('a4c6d9b2-4ca6-437b-9a21-396dd1bab64e', '2026-01-26 21:14:32.491493+00', '2026-01-26 21:14:32.491493+00', NULL, '1bdc0d75-de5a-462e-8050-78169ac09139', NULL, NULL, FALSE, NULL, NULL, '40.00', NULL, '{"customer_name":"Aditya Srivastava","customer_phone":"+919953940842","customer_email":"aditya01889@gmail.com","customer_whatsapp":"+919953940842","address_line1":"603, Tower - B5, Jaypee Klassic, Sector - 134, Noida","address_line2":"","landmark":"","city":"Noida","state":"Uttar Pradesh","pincode":"201304","delivery_notes":"","is_guest_order":false}', NULL, '2026-01-26 21:14:32.491493+00', 'ORD-62072774', 'online', 'pending', NULL, NULL, NULL, NULL, 'pending', '470.00', '510.00');
INSERT INTO orders (id, created_at, updated_at, confirmed_date, customer_id, delivered_date, delivery_address_id, delivery_created, delivery_created_at, delivery_delivered_at, delivery_fee, delivery_in_transit_at, delivery_notes, delivery_pickedup_at, order_date, order_number, payment_method, payment_status, production_completed_at, production_start_date, production_started_at, ready_date, status, subtotal, total_amount) VALUES ('b3c4713e-0faf-4075-9ffa-02c7c54166e4', '2026-01-18 20:17:34.230635+00', '2026-01-25 20:51:52.587856+00', '2026-01-25 19:12:51.707+00', '1bdc0d75-de5a-462e-8050-78169ac09139', '2026-01-25 20:51:52.587856+00', NULL, TRUE, NULL, '2026-01-25 20:51:52.587856', '40.00', '2026-01-25 20:51:24.78558', '{"customer_name":"Aditya Srivastava","customer_phone":"+919953940842","customer_email":"aditya01889@gmail.com","customer_whatsapp":"+919953940842","address_line1":"603, Tower - B5, Jaypee Klassic, Sector - 134, Noida","address_line2":"","landmark":"","city":"Noida","state":"Uttar Pradesh","pincode":"201304","delivery_notes":"","is_guest_order":false}', '2026-01-25 20:50:50.785479', '2026-01-18 20:17:34.230635+00', 'ORD-67449426', 'online', 'pending', NULL, '2026-01-25 19:12:51.707+00', NULL, '2026-01-25 19:13:55.308+00', 'delivered', '470.00', '510.00');
INSERT INTO orders (id, created_at, updated_at, confirmed_date, customer_id, delivered_date, delivery_address_id, delivery_created, delivery_created_at, delivery_delivered_at, delivery_fee, delivery_in_transit_at, delivery_notes, delivery_pickedup_at, order_date, order_number, payment_method, payment_status, production_completed_at, production_start_date, production_started_at, ready_date, status, subtotal, total_amount) VALUES ('bab1460e-0f2c-41a3-8efb-ba40eec61acd', '2026-01-18 14:26:55.127328+00', '2026-01-25 19:51:33.598599+00', '2026-01-24 12:26:13.49+00', '1bdc0d75-de5a-462e-8050-78169ac09139', NULL, NULL, TRUE, NULL, NULL, '40.00', NULL, '{"customer_name":"Aditya Srivastava","customer_phone":"+919953940842","customer_email":"aditya01889@gmail.com","customer_whatsapp":"+919953940842","address_line1":"603, Tower - B5, Jaypee Klassic, Sector - 134, Noida","address_line2":"","landmark":"","city":"Noida","state":"Uttar Pradesh","pincode":"201304","delivery_notes":"","is_guest_order":false}', NULL, '2026-01-18 14:26:55.127328+00', 'ORD-46410701', 'online', 'pending', NULL, '2026-01-24 12:26:13.49+00', NULL, '2026-01-24 12:26:21.207+00', 'out_for_delivery', '470.00', '510.00');
INSERT INTO orders (id, created_at, updated_at, confirmed_date, customer_id, delivered_date, delivery_address_id, delivery_created, delivery_created_at, delivery_delivered_at, delivery_fee, delivery_in_transit_at, delivery_notes, delivery_pickedup_at, order_date, order_number, payment_method, payment_status, production_completed_at, production_start_date, production_started_at, ready_date, status, subtotal, total_amount) VALUES ('bc37fa40-98f9-40b6-b260-f1b86549ba18', '2026-01-26 19:54:59.647416+00', '2026-01-26 19:54:59.647416+00', NULL, '1bdc0d75-de5a-462e-8050-78169ac09139', NULL, NULL, FALSE, NULL, NULL, '40.00', NULL, '{"customer_name":"Aditya Srivastava","customer_phone":"+919953940842","customer_email":"aditya01889@gmail.com","customer_whatsapp":"+919953940842","address_line1":"603, Tower - B5, Jaypee Klassic, Sector - 134, Noida","address_line2":"","landmark":"","city":"Noida","state":"Uttar Pradesh","pincode":"201304","delivery_notes":"","is_guest_order":false}', NULL, '2026-01-26 19:54:59.647416+00', 'ORD-57299819', 'online', 'pending', NULL, NULL, NULL, NULL, 'pending', '470.00', '510.00');
INSERT INTO orders (id, created_at, updated_at, confirmed_date, customer_id, delivered_date, delivery_address_id, delivery_created, delivery_created_at, delivery_delivered_at, delivery_fee, delivery_in_transit_at, delivery_notes, delivery_pickedup_at, order_date, order_number, payment_method, payment_status, production_completed_at, production_start_date, production_started_at, ready_date, status, subtotal, total_amount) VALUES ('beee4e6a-ce8d-4944-98da-a747793484df', '2026-01-26 11:24:19.999648+00', '2026-01-26 11:24:19.999648+00', NULL, '1bdc0d75-de5a-462e-8050-78169ac09139', NULL, NULL, FALSE, NULL, NULL, '40.00', NULL, '{"customer_name":"Admin User","customer_phone":"+919953940842","customer_email":"aditya01889@gmail.com","customer_whatsapp":"+919953940842","address_line1":"603, Tower - B5, Jaypee Klassic, Sector - 134, Noida","address_line2":"","landmark":"","city":"Noida","state":"Uttar Pradesh","pincode":"201304","delivery_notes":"","is_guest_order":false}', NULL, '2026-01-26 11:24:19.999648+00', 'ORD-26659812', 'online', 'pending', NULL, NULL, NULL, NULL, 'pending', '300.00', '340.00');
INSERT INTO orders (id, created_at, updated_at, confirmed_date, customer_id, delivered_date, delivery_address_id, delivery_created, delivery_created_at, delivery_delivered_at, delivery_fee, delivery_in_transit_at, delivery_notes, delivery_pickedup_at, order_date, order_number, payment_method, payment_status, production_completed_at, production_start_date, production_started_at, ready_date, status, subtotal, total_amount) VALUES ('bf3198fa-ac34-483c-9a1f-a19c5c54affa', '2026-01-18 20:20:40.073931+00', '2026-01-18 20:20:40.073931+00', NULL, '1bdc0d75-de5a-462e-8050-78169ac09139', NULL, NULL, FALSE, NULL, NULL, '40.00', NULL, '{"customer_name":"Aditya Srivastava","customer_phone":"+919953940842","customer_email":"aditya01889@gmail.com","customer_whatsapp":"+919953940842","address_line1":"603, Tower - B5, Jaypee Klassic, Sector - 134, Noida","address_line2":"","landmark":"","city":"Noida","state":"Uttar Pradesh","pincode":"201304","delivery_notes":"","is_guest_order":false}', NULL, '2026-01-18 20:20:40.073931+00', 'ORD-67635288', 'online', 'pending', NULL, NULL, NULL, NULL, 'pending', '470.00', '510.00');
INSERT INTO orders (id, created_at, updated_at, confirmed_date, customer_id, delivered_date, delivery_address_id, delivery_created, delivery_created_at, delivery_delivered_at, delivery_fee, delivery_in_transit_at, delivery_notes, delivery_pickedup_at, order_date, order_number, payment_method, payment_status, production_completed_at, production_start_date, production_started_at, ready_date, status, subtotal, total_amount) VALUES ('ceca13df-8100-4671-ab48-a379adcfbbc0', '2026-01-26 20:41:56.308929+00', '2026-01-26 20:41:56.308929+00', NULL, '1bdc0d75-de5a-462e-8050-78169ac09139', NULL, NULL, FALSE, NULL, NULL, '40.00', NULL, '{"customer_name":"Aditya Srivastava","customer_phone":"+919953940842","customer_email":"aditya01889@gmail.com","customer_whatsapp":"+919953940842","address_line1":"603, Tower - B5, Jaypee Klassic, Sector - 134, Noida","address_line2":"","landmark":"","city":"Noida","state":"Uttar Pradesh","pincode":"201304","delivery_notes":"","is_guest_order":false}', NULL, '2026-01-26 20:41:56.308929+00', 'ORD-60116546', 'online', 'pending', NULL, NULL, NULL, NULL, 'pending', '470.00', '510.00');
INSERT INTO orders (id, created_at, updated_at, confirmed_date, customer_id, delivered_date, delivery_address_id, delivery_created, delivery_created_at, delivery_delivered_at, delivery_fee, delivery_in_transit_at, delivery_notes, delivery_pickedup_at, order_date, order_number, payment_method, payment_status, production_completed_at, production_start_date, production_started_at, ready_date, status, subtotal, total_amount) VALUES ('d0a9ec14-49cf-4436-af63-cbf5020c2e5f', '2026-01-29 03:01:28.718669+00', '2026-01-29 03:01:28.718669+00', NULL, NULL, NULL, NULL, FALSE, NULL, NULL, '0.00', NULL, '{"customer_name":"Aditya Srivastava","customer_phone":"+919953940842","customer_email":"aditya01889@gmail.com","customer_whatsapp":"+919953940842","address_line1":"603, Tower - B5, Jaypee Klassic, Sector - 134, Noida","address_line2":"","landmark":"","city":"Noida","state":"Uttar Pradesh","pincode":"201304","delivery_notes":"","delivery_location":null,"is_guest_order":true}', NULL, '2026-01-29 03:01:28.718669+00', 'ORD-55688854', 'online', 'pending', NULL, NULL, NULL, NULL, 'pending', '570.00', '570.00');
INSERT INTO orders (id, created_at, updated_at, confirmed_date, customer_id, delivered_date, delivery_address_id, delivery_created, delivery_created_at, delivery_delivered_at, delivery_fee, delivery_in_transit_at, delivery_notes, delivery_pickedup_at, order_date, order_number, payment_method, payment_status, production_completed_at, production_start_date, production_started_at, ready_date, status, subtotal, total_amount) VALUES ('d2feb8fe-430f-437e-850e-962c16105d64', '2026-01-26 20:33:43.224592+00', '2026-01-26 20:33:43.224592+00', NULL, '1bdc0d75-de5a-462e-8050-78169ac09139', NULL, NULL, FALSE, NULL, NULL, '40.00', NULL, '{"customer_name":"Aditya Srivastava","customer_phone":"+919953940842","customer_email":"aditya01889@gmail.com","customer_whatsapp":"+919953940842","address_line1":"603, Tower - B5, Jaypee Klassic, Sector - 134, Noida","address_line2":"","landmark":"","city":"Noida","state":"Uttar Pradesh","pincode":"201304","delivery_notes":"","is_guest_order":false}', NULL, '2026-01-26 20:33:43.224592+00', 'ORD-59623468', 'online', 'pending', NULL, NULL, NULL, NULL, 'pending', '470.00', '510.00');
INSERT INTO orders (id, created_at, updated_at, confirmed_date, customer_id, delivered_date, delivery_address_id, delivery_created, delivery_created_at, delivery_delivered_at, delivery_fee, delivery_in_transit_at, delivery_notes, delivery_pickedup_at, order_date, order_number, payment_method, payment_status, production_completed_at, production_start_date, production_started_at, ready_date, status, subtotal, total_amount) VALUES ('d5288e22-6b3f-4109-8298-715cca3b9ec2', '2026-01-28 14:21:49.813561+00', '2026-01-28 14:21:49.813561+00', NULL, '1bdc0d75-de5a-462e-8050-78169ac09139', NULL, NULL, FALSE, NULL, NULL, '40.00', NULL, '{"customer_name":"Aditya Srivastava","customer_phone":"+919953940842","customer_email":"aditya01889@gmail.com","customer_whatsapp":"+919953940842","address_line1":"603, Tower - B5, Jaypee Klassic, Sector - 134, Noida","address_line2":"","landmark":"","city":"Noida","state":"Uttar Pradesh","pincode":"201304","delivery_notes":"","delivery_location":null,"is_guest_order":false}', NULL, '2026-01-28 14:21:49.813561+00', 'ORD-10110935', 'online', 'pending', NULL, NULL, NULL, NULL, 'pending', '270.00', '310.00');
INSERT INTO orders (id, created_at, updated_at, confirmed_date, customer_id, delivered_date, delivery_address_id, delivery_created, delivery_created_at, delivery_delivered_at, delivery_fee, delivery_in_transit_at, delivery_notes, delivery_pickedup_at, order_date, order_number, payment_method, payment_status, production_completed_at, production_start_date, production_started_at, ready_date, status, subtotal, total_amount) VALUES ('d8c011f7-b07f-4d99-95f2-895969b7a27d', '2026-01-18 20:09:06.8611+00', '2026-01-25 19:51:33.598599+00', '2026-01-25 18:48:19.092+00', '1bdc0d75-de5a-462e-8050-78169ac09139', NULL, NULL, FALSE, NULL, NULL, '40.00', NULL, '{"customer_name":"Aditya Srivastava","customer_phone":"+919953940842","customer_email":"aditya01889@gmail.com","customer_whatsapp":"+919953940842","address_line1":"603, Tower - B5, Jaypee Klassic, Sector - 134, Noida","address_line2":"","landmark":"","city":"Noida","state":"Uttar Pradesh","pincode":"201304","delivery_notes":"","is_guest_order":false}', NULL, '2026-01-18 20:09:06.8611+00', 'ORD-66942014', 'online', 'pending', NULL, '2026-01-25 18:48:19.092+00', NULL, '2026-01-25 18:48:42.719+00', 'ready', '470.00', '510.00');
INSERT INTO orders (id, created_at, updated_at, confirmed_date, customer_id, delivered_date, delivery_address_id, delivery_created, delivery_created_at, delivery_delivered_at, delivery_fee, delivery_in_transit_at, delivery_notes, delivery_pickedup_at, order_date, order_number, payment_method, payment_status, production_completed_at, production_start_date, production_started_at, ready_date, status, subtotal, total_amount) VALUES ('e85d9397-82d8-467f-b3e5-48992ef7bc7f', '2026-01-16 15:31:43.663232+00', '2026-01-25 19:51:33.598599+00', '2026-01-23 19:48:40.053+00', NULL, NULL, NULL, TRUE, NULL, NULL, '0.00', NULL, '{"customer_name":"Aditya Srivastava","customer_phone":"+919953940842","customer_email":"aditya01889@gmail.com","customer_whatsapp":"+919953940842","address_line1":"603, Tower - B5, Jaypee Klassic, Sector - 134, Noida","address_line2":"Sector 134","landmark":"","city":"Noida","state":"Uttar Pradesh","pincode":"201304","delivery_notes":""}', NULL, '2026-01-16 15:31:43.663232+00', 'ORD-77502459', 'cod', 'pending', NULL, '2026-01-23 19:48:40.053+00', NULL, '2026-01-23 19:51:33.795+00', 'out_for_delivery', '500.00', '500.00');
INSERT INTO orders (id, created_at, updated_at, confirmed_date, customer_id, delivered_date, delivery_address_id, delivery_created, delivery_created_at, delivery_delivered_at, delivery_fee, delivery_in_transit_at, delivery_notes, delivery_pickedup_at, order_date, order_number, payment_method, payment_status, production_completed_at, production_start_date, production_started_at, ready_date, status, subtotal, total_amount) VALUES ('ee7c805c-489e-4045-8700-e9ea6b907540', '2026-01-26 19:52:13.791142+00', '2026-01-26 19:52:13.791142+00', NULL, '1bdc0d75-de5a-462e-8050-78169ac09139', NULL, NULL, FALSE, NULL, NULL, '40.00', NULL, '{"customer_name":"Aditya Srivastava","customer_phone":"+919953940842","customer_email":"aditya01889@gmail.com","customer_whatsapp":"+919953940842","address_line1":"603, Tower - B5, Jaypee Klassic, Sector - 134, Noida","address_line2":"","landmark":"","city":"Noida","state":"Uttar Pradesh","pincode":"201304","delivery_notes":"","is_guest_order":false}', NULL, '2026-01-26 19:52:13.791142+00', 'ORD-57133967', 'online', 'pending', NULL, NULL, NULL, NULL, 'pending', '470.00', '510.00');
INSERT INTO orders (id, created_at, updated_at, confirmed_date, customer_id, delivered_date, delivery_address_id, delivery_created, delivery_created_at, delivery_delivered_at, delivery_fee, delivery_in_transit_at, delivery_notes, delivery_pickedup_at, order_date, order_number, payment_method, payment_status, production_completed_at, production_start_date, production_started_at, ready_date, status, subtotal, total_amount) VALUES ('ef4587a3-450f-4df6-b1d3-559287855108', '2026-01-26 21:57:24.397268+00', '2026-01-26 21:57:24.397268+00', NULL, '1bdc0d75-de5a-462e-8050-78169ac09139', NULL, NULL, FALSE, NULL, NULL, '40.00', NULL, '{"customer_name":"Admin User","customer_phone":"+919953940842","customer_email":"aditya01889@gmail.com","customer_whatsapp":"+919953940842","address_line1":"603, Tower - B5, Jaypee Klassic, Sector - 134, Noida","address_line2":"","landmark":"","city":"Noida","state":"Uttar Pradesh","pincode":"201304","delivery_notes":"","is_guest_order":false}', NULL, '2026-01-26 21:57:24.397268+00', 'ORD-64644484', 'online', 'pending', NULL, NULL, NULL, NULL, 'pending', '470.00', '510.00');
INSERT INTO orders (id, created_at, updated_at, confirmed_date, customer_id, delivered_date, delivery_address_id, delivery_created, delivery_created_at, delivery_delivered_at, delivery_fee, delivery_in_transit_at, delivery_notes, delivery_pickedup_at, order_date, order_number, payment_method, payment_status, production_completed_at, production_start_date, production_started_at, ready_date, status, subtotal, total_amount) VALUES ('f20e5133-47a6-4f36-8c23-5cc1b0441cc4', '2026-01-26 20:10:34.838846+00', '2026-01-26 20:10:34.838846+00', NULL, '1bdc0d75-de5a-462e-8050-78169ac09139', NULL, NULL, FALSE, NULL, NULL, '40.00', NULL, '{"customer_name":"Aditya Srivastava","customer_phone":"+919953940842","customer_email":"aditya01889@gmail.com","customer_whatsapp":"+919953940842","address_line1":"603, Tower - B5, Jaypee Klassic, Sector - 134, Noida","address_line2":"","landmark":"","city":"Noida","state":"Uttar Pradesh","pincode":"201304","delivery_notes":"","is_guest_order":false}', NULL, '2026-01-26 20:10:34.838846+00', 'ORD-58234904', 'online', 'pending', NULL, NULL, NULL, NULL, 'pending', '470.00', '510.00');
INSERT INTO orders (id, created_at, updated_at, confirmed_date, customer_id, delivered_date, delivery_address_id, delivery_created, delivery_created_at, delivery_delivered_at, delivery_fee, delivery_in_transit_at, delivery_notes, delivery_pickedup_at, order_date, order_number, payment_method, payment_status, production_completed_at, production_start_date, production_started_at, ready_date, status, subtotal, total_amount) VALUES ('f4372062-0965-434c-ba77-8013f52a05d1', '2026-01-26 20:10:19.028684+00', '2026-01-26 20:10:19.028684+00', NULL, '1bdc0d75-de5a-462e-8050-78169ac09139', NULL, NULL, FALSE, NULL, NULL, '40.00', NULL, '{"customer_name":"Aditya Srivastava","customer_phone":"+919953940842","customer_email":"aditya01889@gmail.com","customer_whatsapp":"+919953940842","address_line1":"603, Tower - B5, Jaypee Klassic, Sector - 134, Noida","address_line2":"","landmark":"","city":"Noida","state":"Uttar Pradesh","pincode":"201304","delivery_notes":"","is_guest_order":false}', NULL, '2026-01-26 20:10:19.028684+00', 'ORD-58219200', 'online', 'pending', NULL, NULL, NULL, NULL, 'pending', '470.00', '510.00');
INSERT INTO orders (id, created_at, updated_at, confirmed_date, customer_id, delivered_date, delivery_address_id, delivery_created, delivery_created_at, delivery_delivered_at, delivery_fee, delivery_in_transit_at, delivery_notes, delivery_pickedup_at, order_date, order_number, payment_method, payment_status, production_completed_at, production_start_date, production_started_at, ready_date, status, subtotal, total_amount) VALUES ('f79866ff-d14c-4a7c-9daf-42e025de703b', '2026-01-26 20:34:39.369437+00', '2026-01-26 20:34:39.369437+00', NULL, '1bdc0d75-de5a-462e-8050-78169ac09139', NULL, NULL, FALSE, NULL, NULL, '40.00', NULL, '{"customer_name":"Aditya Srivastava","customer_phone":"+919953940842","customer_email":"aditya01889@gmail.com","customer_whatsapp":"+919953940842","address_line1":"603, Tower - B5, Jaypee Klassic, Sector - 134, Noida","address_line2":"","landmark":"","city":"Noida","state":"Uttar Pradesh","pincode":"201304","delivery_notes":"","is_guest_order":false}', NULL, '2026-01-26 20:34:39.369437+00', 'ORD-59679586', 'online', 'pending', NULL, NULL, NULL, NULL, 'pending', '470.00', '510.00');
INSERT INTO orders (id, created_at, updated_at, confirmed_date, customer_id, delivered_date, delivery_address_id, delivery_created, delivery_created_at, delivery_delivered_at, delivery_fee, delivery_in_transit_at, delivery_notes, delivery_pickedup_at, order_date, order_number, payment_method, payment_status, production_completed_at, production_start_date, production_started_at, ready_date, status, subtotal, total_amount) VALUES ('f8e063ca-e73a-42a5-82f8-7537499c89f3', '2026-01-26 20:48:43.035821+00', '2026-01-26 20:48:43.035821+00', NULL, '1bdc0d75-de5a-462e-8050-78169ac09139', NULL, NULL, FALSE, NULL, NULL, '40.00', NULL, '{"customer_name":"Aditya Srivastava","customer_phone":"+919953940842","customer_email":"aditya01889@gmail.com","customer_whatsapp":"+919953940842","address_line1":"603, Tower - B5, Jaypee Klassic, Sector - 134, Noida","address_line2":"","landmark":"","city":"Noida","state":"Uttar Pradesh","pincode":"201304","delivery_notes":"","is_guest_order":false}', NULL, '2026-01-26 20:48:43.035821+00', 'ORD-60523300', 'online', 'pending', NULL, NULL, NULL, NULL, 'pending', '470.00', '510.00');
INSERT INTO orders (id, created_at, updated_at, confirmed_date, customer_id, delivered_date, delivery_address_id, delivery_created, delivery_created_at, delivery_delivered_at, delivery_fee, delivery_in_transit_at, delivery_notes, delivery_pickedup_at, order_date, order_number, payment_method, payment_status, production_completed_at, production_start_date, production_started_at, ready_date, status, subtotal, total_amount) VALUES ('fba14e26-1fdb-4436-9073-f0720ccc4a36', '2026-01-29 11:22:10.903449+00', '2026-01-29 11:22:10.903449+00', NULL, NULL, NULL, NULL, FALSE, NULL, NULL, '0.00', NULL, '{"customer_name":"Aditya Srivastava","customer_phone":"+919953940842","customer_email":"aditya01889@gmail.com","customer_whatsapp":"+919953940842","address_line1":"603, Tower - B5, Jaypee Klassic, Sector - 134, Noida","address_line2":"","landmark":"","city":"Noida","state":"Uttar Pradesh","pincode":"201304","delivery_notes":"","delivery_location":null,"is_guest_order":true}', NULL, '2026-01-29 11:22:10.903449+00', 'ORD-85731153', 'online', 'pending', NULL, NULL, NULL, NULL, 'pending', '570.00', '570.00');
INSERT INTO orders (id, created_at, updated_at, confirmed_date, customer_id, delivered_date, delivery_address_id, delivery_created, delivery_created_at, delivery_delivered_at, delivery_fee, delivery_in_transit_at, delivery_notes, delivery_pickedup_at, order_date, order_number, payment_method, payment_status, production_completed_at, production_start_date, production_started_at, ready_date, status, subtotal, total_amount) VALUES ('fbcd882a-0e69-4d27-a3f5-33928940862f', '2026-01-13 19:20:02.352734+00', '2026-01-25 19:51:33.598599+00', NULL, NULL, NULL, NULL, TRUE, NULL, NULL, '40.00', NULL, '{"customer_name":"Aditya Srivastava","customer_phone":"+919953940842","customer_email":"aditya01889@gmail.com","customer_whatsapp":"+919953940842","address_line1":"603, Tower - B5, Jaypee Klassic, Sector - 134, Noida","address_line2":"Sector 134","landmark":"","city":"Noida","state":"Uttar Pradesh","pincode":"201304","delivery_notes":""}', NULL, '2026-01-13 19:20:02.352734+00', 'ORD-32002516', 'cod', 'pending', NULL, NULL, NULL, NULL, 'out_for_delivery', '80.00', '120.00');

-- INSERT statements for categories
INSERT INTO categories (id, created_at, description, display_order, is_active, name, slug) VALUES ('4c4fb304-ba44-41dc-9a53-8db1fed30ef2', '2026-01-13 18:18:36.485961+00', 'Complete nutritious meals for adult cats - balanced nutrition in every pack', 1, TRUE, 'Meals', 'meals');
INSERT INTO categories (id, created_at, description, display_order, is_active, name, slug) VALUES ('75e9b486-e95c-4389-b986-a54aba3af190', '2026-01-13 18:18:36.485961+00', 'Nutritious broths for hydration, flavor enhancement, and sensitive stomachs', 2, TRUE, 'Broths', 'broths');
INSERT INTO categories (id, created_at, description, display_order, is_active, name, slug) VALUES ('49d190d1-e039-4827-938f-af4cd8473d03', '2026-01-13 18:18:36.485961+00', 'Healthy treats for training, rewards, and bonding moments with your cat', 3, TRUE, 'Treats', 'treats');
INSERT INTO categories (id, created_at, description, display_order, is_active, name, slug) VALUES ('887d6bde-b2c9-438d-8428-fcbd075bbdca', '2026-01-13 18:18:36.485961+00', 'Delicious cupcakes for cats - perfect for special occasions and treats', 4, TRUE, 'Cupcakes', 'cupcakes');

-- INSERT statements for customers
INSERT INTO customers (id, created_at, updated_at, is_active, phone, profile_id, whatsapp_number) VALUES ('3cbc1133-e8e1-4e8c-9ba6-38ba14434727', '2026-01-17 21:46:59.992545+00', '2026-01-18 11:32:12.129069+00', TRUE, '09953940842', '3cbc1133-e8e1-4e8c-9ba6-38ba14434727', NULL);
INSERT INTO customers (id, created_at, updated_at, is_active, phone, profile_id, whatsapp_number) VALUES ('6fec6f12-473a-4218-9ed5-783233bc4252', '2026-01-17 07:17:14.335092+00', '2026-01-18 10:07:30.026456+00', TRUE, '8800243400', '6fec6f12-473a-4218-9ed5-783233bc4252', NULL);
INSERT INTO customers (id, created_at, updated_at, is_active, phone, profile_id, whatsapp_number) VALUES ('1bdc0d75-de5a-462e-8050-78169ac09139', '2026-01-16 18:59:38.254772+00', '2026-01-18 09:46:49.333449+00', TRUE, '09953940842', '1bdc0d75-de5a-462e-8050-78169ac09139', NULL);

-- INSERT statements for production_batches
INSERT INTO production_batches (id, created_at, updated_at, actual_production_date, batch_number, batch_type, created_by, delivery_created, end_time, notes, order_id, planned_date, priority, product_id, quantity_produced, start_time, status, total_orders, total_quantity_produced, total_weight_grams, waste_factor) VALUES ('1324449b-df21-4303-a362-b7a5064ddb09', '2026-01-25 18:30:38.65583+00', '2026-01-25 18:30:38.65583+00', NULL, 'BATCH-2026-01-25-386558', 'group', '1bdc0d75-de5a-462e-8050-78169ac09139', FALSE, NULL, 'Created from product group batching', NULL, NULL, 1, 'de648df5-cd0f-4e29-b53c-da676c55258f', 1, NULL, 'planned', 1, 1, '100.00', '0.08');
INSERT INTO production_batches (id, created_at, updated_at, actual_production_date, batch_number, batch_type, created_by, delivery_created, end_time, notes, order_id, planned_date, priority, product_id, quantity_produced, start_time, status, total_orders, total_quantity_produced, total_weight_grams, waste_factor) VALUES ('23c8ecee-fd41-4890-bfdc-c0bbf1551cc0', '2026-01-24 15:18:21.027669+00', '2026-01-24 16:41:10.057666+00', NULL, 'BATCH-2026-01-24-210276', 'group', '1bdc0d75-de5a-462e-8050-78169ac09139', FALSE, '2026-01-24 16:41:08.862+00', 'Created from product group batching', NULL, NULL, 1, 'ccd26ecf-8059-4a27-a2db-6ae15da11ca4', 5, '2026-01-24 15:53:18.231+00', 'completed', 5, 5, '800.00', '0.08');
INSERT INTO production_batches (id, created_at, updated_at, actual_production_date, batch_number, batch_type, created_by, delivery_created, end_time, notes, order_id, planned_date, priority, product_id, quantity_produced, start_time, status, total_orders, total_quantity_produced, total_weight_grams, waste_factor) VALUES ('2ae3072b-c0d5-4748-8138-de045d3d4060', '2026-01-25 17:46:42.265612+00', '2026-01-25 17:47:51.113593+00', NULL, 'BATCH-2026-01-25-422656', 'group', '1bdc0d75-de5a-462e-8050-78169ac09139', FALSE, '2026-01-25 17:47:48.342+00', 'Created from product group batching', NULL, NULL, 1, 'e017972d-4a82-4461-b24d-8a1fd72b5c71', 7, '2026-01-25 17:47:40.165+00', 'completed', 4, 7, '490.00', '0.08');
INSERT INTO production_batches (id, created_at, updated_at, actual_production_date, batch_number, batch_type, created_by, delivery_created, end_time, notes, order_id, planned_date, priority, product_id, quantity_produced, start_time, status, total_orders, total_quantity_produced, total_weight_grams, waste_factor) VALUES ('2cefa5b6-d0ee-4a53-b9c6-c6207aee6ede', '2026-01-25 18:10:48.456613+00', '2026-01-25 18:14:55.76994+00', NULL, 'BATCH-2026-01-25-484566', 'group', '1bdc0d75-de5a-462e-8050-78169ac09139', FALSE, '2026-01-25 18:14:53.053+00', 'Created from product group batching', NULL, NULL, 1, 'ed3392a2-2738-4c05-9717-cf43ad40e1be', 1, '2026-01-25 18:14:39.325+00', 'completed', 1, 1, '200.00', '0.08');
INSERT INTO production_batches (id, created_at, updated_at, actual_production_date, batch_number, batch_type, created_by, delivery_created, end_time, notes, order_id, planned_date, priority, product_id, quantity_produced, start_time, status, total_orders, total_quantity_produced, total_weight_grams, waste_factor) VALUES ('34fce5f5-de51-4565-814e-044644973229', '2026-01-14 21:49:59.351+00', '2026-01-14 21:49:59.351+00', NULL, 'BATCH-7599351', 'single', NULL, FALSE, NULL, NULL, NULL, '2026-01-14', 1, NULL, 1, NULL, 'planned', 1, 0, NULL, '7.50');
INSERT INTO production_batches (id, created_at, updated_at, actual_production_date, batch_number, batch_type, created_by, delivery_created, end_time, notes, order_id, planned_date, priority, product_id, quantity_produced, start_time, status, total_orders, total_quantity_produced, total_weight_grams, waste_factor) VALUES ('4414bbdd-cd96-4c5a-8208-ca33c07452ac', '2026-01-25 18:57:32.757069+00', '2026-01-25 18:58:50.961232+00', NULL, 'BATCH-2026-01-25-327570', 'group', '1bdc0d75-de5a-462e-8050-78169ac09139', FALSE, '2026-01-25 18:58:48.303+00', 'Created from product group batching', NULL, NULL, 1, 'e017972d-4a82-4461-b24d-8a1fd72b5c71', 1, '2026-01-25 18:58:14.209+00', 'completed', 1, 1, '70.00', '0.08');
INSERT INTO production_batches (id, created_at, updated_at, actual_production_date, batch_number, batch_type, created_by, delivery_created, end_time, notes, order_id, planned_date, priority, product_id, quantity_produced, start_time, status, total_orders, total_quantity_produced, total_weight_grams, waste_factor) VALUES ('4832bc8a-e427-4e9b-a349-23aaff311a0f', '2026-01-24 00:21:24.685436+00', '2026-01-24 00:21:24.685436+00', NULL, 'PB-000010', 'single', NULL, FALSE, NULL, NULL, NULL, NULL, 1, NULL, 0, NULL, 'planned', 1, 0, NULL, '7.50');
INSERT INTO production_batches (id, created_at, updated_at, actual_production_date, batch_number, batch_type, created_by, delivery_created, end_time, notes, order_id, planned_date, priority, product_id, quantity_produced, start_time, status, total_orders, total_quantity_produced, total_weight_grams, waste_factor) VALUES ('48da70d6-28e6-4c4d-a4e3-03e4dbb8765b', '2026-01-24 12:24:24.388698+00', '2026-01-24 12:24:24.388698+00', NULL, 'PB-000014', 'single', '1bdc0d75-de5a-462e-8050-78169ac09139', FALSE, NULL, 'Created from production queue', '21aa7e58-4d2f-487b-bfbc-ba9c29cdf079', NULL, 1, NULL, 0, NULL, 'planned', 1, 0, NULL, '7.50');
INSERT INTO production_batches (id, created_at, updated_at, actual_production_date, batch_number, batch_type, created_by, delivery_created, end_time, notes, order_id, planned_date, priority, product_id, quantity_produced, start_time, status, total_orders, total_quantity_produced, total_weight_grams, waste_factor) VALUES ('5ca1bd94-b947-4f4f-9a17-0a9b9fbc1e5d', '2026-01-24 01:15:52.812639+00', '2026-01-24 16:39:59.458442+00', NULL, 'PB-000012', 'single', '1bdc0d75-de5a-462e-8050-78169ac09139', FALSE, '2026-01-24 01:37:55.794+00', 'Created from production queue', '3a2be9a6-588a-4a93-9e04-999216891c31', NULL, 1, NULL, 0, '2026-01-24 01:36:15.929+00', 'completed', 1, 0, NULL, '7.50');
INSERT INTO production_batches (id, created_at, updated_at, actual_production_date, batch_number, batch_type, created_by, delivery_created, end_time, notes, order_id, planned_date, priority, product_id, quantity_produced, start_time, status, total_orders, total_quantity_produced, total_weight_grams, waste_factor) VALUES ('62f3efaf-ddf2-4663-bf6c-6935e6d326fa', '2026-01-24 14:13:11.539455+00', '2026-01-24 17:01:34.715792+00', NULL, 'BATCH-2026-01-24-115394', 'group', '1bdc0d75-de5a-462e-8050-78169ac09139', FALSE, '2026-01-24 17:01:33.545+00', 'Created from product group batching', NULL, NULL, 1, 'e019ccf1-3a0e-4cd1-adca-3910635c3161', 7, '2026-01-24 16:41:18.081+00', 'completed', 7, 7, '700.00', '0.08');
INSERT INTO production_batches (id, created_at, updated_at, actual_production_date, batch_number, batch_type, created_by, delivery_created, end_time, notes, order_id, planned_date, priority, product_id, quantity_produced, start_time, status, total_orders, total_quantity_produced, total_weight_grams, waste_factor) VALUES ('8a03e393-fd38-48ec-93d3-2729888f02db', '2026-01-25 19:14:39.886242+00', '2026-01-25 19:27:28.680648+00', NULL, 'BATCH-2026-01-25-398862', 'group', '1bdc0d75-de5a-462e-8050-78169ac09139', FALSE, '2026-01-25 19:27:26.039+00', 'Created from product group batching', NULL, NULL, 1, 'de648df5-cd0f-4e29-b53c-da676c55258f', 1, '2026-01-25 19:26:46.684+00', 'completed', 1, 1, '100.00', '0.08');
INSERT INTO production_batches (id, created_at, updated_at, actual_production_date, batch_number, batch_type, created_by, delivery_created, end_time, notes, order_id, planned_date, priority, product_id, quantity_produced, start_time, status, total_orders, total_quantity_produced, total_weight_grams, waste_factor) VALUES ('96202390-d7da-4a22-ba75-54a12169950f', '2026-01-24 13:20:50.535493+00', '2026-01-24 17:22:21.506717+00', NULL, 'BATCH-20260124-132050', 'group', '1bdc0d75-de5a-462e-8050-78169ac09139', FALSE, '2026-01-24 17:22:20.374+00', 'Created from product group batching', NULL, NULL, 1, 'de648df5-cd0f-4e29-b53c-da676c55258f', 0, '2026-01-24 17:01:49.153+00', 'completed', 13, 14, NULL, '7.50');
INSERT INTO production_batches (id, created_at, updated_at, actual_production_date, batch_number, batch_type, created_by, delivery_created, end_time, notes, order_id, planned_date, priority, product_id, quantity_produced, start_time, status, total_orders, total_quantity_produced, total_weight_grams, waste_factor) VALUES ('a1925a9d-1081-446a-b9f2-beb3924e00c2', '2026-01-14 21:56:58.439+00', '2026-01-14 21:56:58.439+00', NULL, 'BATCH-8018439', 'single', NULL, FALSE, NULL, NULL, NULL, '2026-01-14', 1, NULL, 1, NULL, 'planned', 1, 0, NULL, '7.50');
INSERT INTO production_batches (id, created_at, updated_at, actual_production_date, batch_number, batch_type, created_by, delivery_created, end_time, notes, order_id, planned_date, priority, product_id, quantity_produced, start_time, status, total_orders, total_quantity_produced, total_weight_grams, waste_factor) VALUES ('a32ec839-a70d-47ab-999e-666444247323', '2026-01-24 13:02:57.0886+00', '2026-01-24 13:02:57.0886+00', NULL, 'BATCH-20260124-130257', 'group', '1bdc0d75-de5a-462e-8050-78169ac09139', FALSE, NULL, 'Created from product group batching', NULL, NULL, 1, 'de648df5-cd0f-4e29-b53c-da676c55258f', 0, NULL, 'planned', 13, 14, NULL, '7.50');
INSERT INTO production_batches (id, created_at, updated_at, actual_production_date, batch_number, batch_type, created_by, delivery_created, end_time, notes, order_id, planned_date, priority, product_id, quantity_produced, start_time, status, total_orders, total_quantity_produced, total_weight_grams, waste_factor) VALUES ('a70c92fb-224a-4287-8234-1a380634f5ae', '2026-01-24 00:55:57.309571+00', '2026-01-24 16:07:32.667007+00', NULL, 'PB-000011', 'single', '1bdc0d75-de5a-462e-8050-78169ac09139', FALSE, '2026-01-24 16:07:31.396+00', 'Created from production queue', '3a2be9a6-588a-4a93-9e04-999216891c31', NULL, 1, NULL, 0, '2026-01-24 01:47:58.99+00', 'completed', 1, 0, NULL, '7.50');
INSERT INTO production_batches (id, created_at, updated_at, actual_production_date, batch_number, batch_type, created_by, delivery_created, end_time, notes, order_id, planned_date, priority, product_id, quantity_produced, start_time, status, total_orders, total_quantity_produced, total_weight_grams, waste_factor) VALUES ('b16eba6f-6666-4ab4-9eb2-8aef5ecf4c7c', '2026-01-24 12:23:57.567491+00', '2026-01-24 12:23:57.567491+00', NULL, 'PB-000013', 'single', '1bdc0d75-de5a-462e-8050-78169ac09139', FALSE, NULL, 'Created from production queue', '5a504de3-a8c1-44f4-92bd-ab389a605f42', NULL, 1, NULL, 0, NULL, 'planned', 1, 0, NULL, '7.50');
INSERT INTO production_batches (id, created_at, updated_at, actual_production_date, batch_number, batch_type, created_by, delivery_created, end_time, notes, order_id, planned_date, priority, product_id, quantity_produced, start_time, status, total_orders, total_quantity_produced, total_weight_grams, waste_factor) VALUES ('baf214fa-a110-4160-91ab-e192f46010d1', '2026-01-25 19:19:27.00186+00', '2026-01-25 19:27:21.623246+00', NULL, 'BATCH-2026-01-25-270018', 'group', '1bdc0d75-de5a-462e-8050-78169ac09139', FALSE, '2026-01-25 19:27:18.981+00', 'Created from product group batching', NULL, NULL, 1, 'e017972d-4a82-4461-b24d-8a1fd72b5c71', 1, '2026-01-25 19:26:40.176+00', 'completed', 1, 1, '70.00', '0.08');
INSERT INTO production_batches (id, created_at, updated_at, actual_production_date, batch_number, batch_type, created_by, delivery_created, end_time, notes, order_id, planned_date, priority, product_id, quantity_produced, start_time, status, total_orders, total_quantity_produced, total_weight_grams, waste_factor) VALUES ('d063e7ce-80de-4b68-a4f7-af88469ef90e', '2026-01-25 18:51:24.465167+00', '2026-01-25 18:51:24.465167+00', NULL, 'BATCH-2026-01-25-244651', 'group', '1bdc0d75-de5a-462e-8050-78169ac09139', FALSE, NULL, 'Created from product group batching', NULL, NULL, 1, 'e017972d-4a82-4461-b24d-8a1fd72b5c71', 2, NULL, 'planned', 2, 2, '140.00', '0.08');
INSERT INTO production_batches (id, created_at, updated_at, actual_production_date, batch_number, batch_type, created_by, delivery_created, end_time, notes, order_id, planned_date, priority, product_id, quantity_produced, start_time, status, total_orders, total_quantity_produced, total_weight_grams, waste_factor) VALUES ('ea02c182-282c-42da-a98a-b288b9664fbb', '2026-01-24 00:12:33.732323+00', '2026-01-24 00:12:33.732323+00', NULL, 'PB-000009', 'single', NULL, FALSE, NULL, NULL, NULL, NULL, 1, NULL, 0, NULL, 'planned', 1, 0, NULL, '7.50');
INSERT INTO production_batches (id, created_at, updated_at, actual_production_date, batch_number, batch_type, created_by, delivery_created, end_time, notes, order_id, planned_date, priority, product_id, quantity_produced, start_time, status, total_orders, total_quantity_produced, total_weight_grams, waste_factor) VALUES ('eaedac71-0d93-4035-aebf-0bdca58b77f2', '2026-01-25 18:57:31.342585+00', '2026-01-25 18:59:05.58167+00', NULL, 'BATCH-2026-01-25-313425', 'group', '1bdc0d75-de5a-462e-8050-78169ac09139', FALSE, '2026-01-25 18:59:02.912+00', 'Created from product group batching', NULL, NULL, 1, 'de648df5-cd0f-4e29-b53c-da676c55258f', 2, '2026-01-25 18:58:57.086+00', 'completed', 2, 2, '200.00', '0.08');
INSERT INTO production_batches (id, created_at, updated_at, actual_production_date, batch_number, batch_type, created_by, delivery_created, end_time, notes, order_id, planned_date, priority, product_id, quantity_produced, start_time, status, total_orders, total_quantity_produced, total_weight_grams, waste_factor) VALUES ('f056095e-086b-4eb1-af3f-9729f8fda557', '2026-01-25 18:57:22.679452+00', '2026-01-25 18:59:18.434428+00', NULL, 'BATCH-2026-01-25-226794', 'group', '1bdc0d75-de5a-462e-8050-78169ac09139', FALSE, '2026-01-25 18:59:15.766+00', 'Created from product group batching', NULL, NULL, 1, 'e019ccf1-3a0e-4cd1-adca-3910635c3161', 3, '2026-01-25 18:59:10.818+00', 'completed', 3, 3, '300.00', '0.08');
INSERT INTO production_batches (id, created_at, updated_at, actual_production_date, batch_number, batch_type, created_by, delivery_created, end_time, notes, order_id, planned_date, priority, product_id, quantity_produced, start_time, status, total_orders, total_quantity_produced, total_weight_grams, waste_factor) VALUES ('f287586d-386d-422f-bcb1-ec81e079e68a', '2026-01-25 19:19:29.507451+00', '2026-01-25 19:27:13.665077+00', NULL, 'BATCH-2026-01-25-295074', 'group', '1bdc0d75-de5a-462e-8050-78169ac09139', FALSE, '2026-01-25 19:27:11.027+00', 'Created from product group batching', NULL, NULL, 1, 'e019ccf1-3a0e-4cd1-adca-3910635c3161', 1, '2026-01-25 19:23:47.649+00', 'completed', 1, 1, '100.00', '0.08');
INSERT INTO production_batches (id, created_at, updated_at, actual_production_date, batch_number, batch_type, created_by, delivery_created, end_time, notes, order_id, planned_date, priority, product_id, quantity_produced, start_time, status, total_orders, total_quantity_produced, total_weight_grams, waste_factor) VALUES ('f316a835-a19f-4e3f-adf5-0cc1f27f26df', '2026-01-14 21:41:52.586+00', '2026-01-14 21:41:52.586+00', NULL, 'BATCH-7112585', 'single', NULL, FALSE, NULL, NULL, NULL, '2026-01-14', 1, NULL, 1, NULL, 'planned', 1, 0, NULL, '7.50');

-- INSERT statements for deliveries
INSERT INTO deliveries (id, created_at, updated_at, actual_delivery_date, batch_id, customer_email, customer_name, customer_phone, delivered_time, delivery_address, delivery_number, delivery_partner_id, delivery_partner_name, delivery_partner_phone, delivery_status, estimated_delivery_date, items_count, notes, order_id, pickup_time, status, total_value, tracking_number) VALUES ('2486eddc-c52b-4cfa-8853-a3ddd6afdb7c', '2026-01-24 17:01:34.715792+00', '2026-01-24 17:01:34.715792+00', NULL, NULL, NULL, NULL, NULL, NULL, NULL, 'DEL-2026-01-24-347157', NULL, NULL, NULL, 'pending', '2026-01-27 17:01:34.715792+00', 0, 'Auto-created when all order items were completed for order: ORD-31621538', '3a2be9a6-588a-4a93-9e04-999216891c31', NULL, 'in_progress', '0.00', NULL);
INSERT INTO deliveries (id, created_at, updated_at, actual_delivery_date, batch_id, customer_email, customer_name, customer_phone, delivered_time, delivery_address, delivery_number, delivery_partner_id, delivery_partner_name, delivery_partner_phone, delivery_status, estimated_delivery_date, items_count, notes, order_id, pickup_time, status, total_value, tracking_number) VALUES ('25c95d8f-27fd-42b6-ad12-56e06e7eb476', '2026-01-24 17:22:21.506717+00', '2026-01-24 17:22:21.506717+00', NULL, NULL, NULL, NULL, NULL, NULL, NULL, 'DEL-2026-01-24-176927-487d4943', NULL, NULL, NULL, 'pending', '2026-01-27 17:22:21.506717+00', 0, 'Auto-created when all order items were completed for order: ORD-33936528', '21aa7e58-4d2f-487b-bfbc-ba9c29cdf079', NULL, 'in_progress', '0.00', NULL);
INSERT INTO deliveries (id, created_at, updated_at, actual_delivery_date, batch_id, customer_email, customer_name, customer_phone, delivered_time, delivery_address, delivery_number, delivery_partner_id, delivery_partner_name, delivery_partner_phone, delivery_status, estimated_delivery_date, items_count, notes, order_id, pickup_time, status, total_value, tracking_number) VALUES ('36e28273-0640-466a-b59a-23d5725e53ed', '2026-01-25 18:14:55.76994+00', '2026-01-25 18:14:55.76994+00', NULL, NULL, NULL, NULL, NULL, NULL, NULL, 'DEL-2026-01-25-176936-8e3edfc7', NULL, NULL, NULL, 'pending', '2026-01-28 18:14:55.76994+00', 0, 'Auto-created when all order items were completed for order: ORD-77502459', 'e85d9397-82d8-467f-b3e5-48992ef7bc7f', NULL, 'in_progress', '0.00', NULL);
INSERT INTO deliveries (id, created_at, updated_at, actual_delivery_date, batch_id, customer_email, customer_name, customer_phone, delivered_time, delivery_address, delivery_number, delivery_partner_id, delivery_partner_name, delivery_partner_phone, delivery_status, estimated_delivery_date, items_count, notes, order_id, pickup_time, status, total_value, tracking_number) VALUES ('49e56547-85b8-4461-a7c9-78228093ab84', '2026-01-25 18:59:18.434428+00', '2026-01-25 19:01:14.396631+00', NULL, NULL, NULL, NULL, NULL, NULL, NULL, 'DEL-2026-01-25-176936-bb48385e', '9f88457d-2762-462a-8b6f-c58e6b223d0b', 'Express Logistics', '+91-98765-54323', 'delivered', '2026-01-28 18:59:18.434428+00', 0, 'Auto-created when all order items were completed for order: ORD-67400565', '19c65ff1-f2b7-49b4-b5ed-e989bd321a45', NULL, 'in_progress', '0.00', 'TRK-1769367595519');
INSERT INTO deliveries (id, created_at, updated_at, actual_delivery_date, batch_id, customer_email, customer_name, customer_phone, delivered_time, delivery_address, delivery_number, delivery_partner_id, delivery_partner_name, delivery_partner_phone, delivery_status, estimated_delivery_date, items_count, notes, order_id, pickup_time, status, total_value, tracking_number) VALUES ('5e46dc3a-d04e-4487-920b-e87aaf3954b1', '2026-01-24 17:00:18.554169+00', '2026-01-24 17:00:18.554169+00', NULL, NULL, NULL, NULL, NULL, NULL, NULL, 'DEL-2026-01-24-185541', NULL, NULL, NULL, 'pending', '2026-01-27 17:00:18.554169+00', 0, 'Auto-created when all order items were completed for order: ORD-31621538', '3a2be9a6-588a-4a93-9e04-999216891c31', NULL, 'in_progress', '0.00', NULL);
INSERT INTO deliveries (id, created_at, updated_at, actual_delivery_date, batch_id, customer_email, customer_name, customer_phone, delivered_time, delivery_address, delivery_number, delivery_partner_id, delivery_partner_name, delivery_partner_phone, delivery_status, estimated_delivery_date, items_count, notes, order_id, pickup_time, status, total_value, tracking_number) VALUES ('5f4adb04-7403-416b-b381-bb18e3103e1e', '2026-01-25 17:47:51.113593+00', '2026-01-25 17:47:51.113593+00', NULL, NULL, NULL, NULL, NULL, NULL, NULL, 'DEL-2026-01-25-176936-7721d61d', NULL, NULL, NULL, 'pending', '2026-01-28 17:47:51.113593+00', 0, 'Auto-created when all order items were completed for order: ORD-34299892', '5feb4f7f-5ad4-411e-833e-16200c1923ba', NULL, 'in_progress', '0.00', NULL);
INSERT INTO deliveries (id, created_at, updated_at, actual_delivery_date, batch_id, customer_email, customer_name, customer_phone, delivered_time, delivery_address, delivery_number, delivery_partner_id, delivery_partner_name, delivery_partner_phone, delivery_status, estimated_delivery_date, items_count, notes, order_id, pickup_time, status, total_value, tracking_number) VALUES ('657bbb20-208d-4496-a084-e8c7b8c6c500', '2026-01-24 17:22:21.506717+00', '2026-01-24 17:22:21.506717+00', NULL, NULL, NULL, NULL, NULL, NULL, NULL, 'DEL-2026-01-24-176927-a89c6f22', NULL, NULL, NULL, 'pending', '2026-01-27 17:22:21.506717+00', 0, 'Auto-created when all order items were completed for order: ORD-32002516', 'fbcd882a-0e69-4d27-a3f5-33928940862f', NULL, 'in_progress', '0.00', NULL);
INSERT INTO deliveries (id, created_at, updated_at, actual_delivery_date, batch_id, customer_email, customer_name, customer_phone, delivered_time, delivery_address, delivery_number, delivery_partner_id, delivery_partner_name, delivery_partner_phone, delivery_status, estimated_delivery_date, items_count, notes, order_id, pickup_time, status, total_value, tracking_number) VALUES ('672d99c6-dc65-4742-a13a-23130e3509e8', '2026-01-25 19:27:28.680648+00', '2026-01-25 20:51:52.587856+00', NULL, NULL, NULL, NULL, NULL, NULL, NULL, 'DEL-2026-01-25-176936-afabd731', '0ab7f8ca-7a44-4113-bbf1-61d3f08007af', 'Quick Delivery', '+91-98765-54321', 'delivered', '2026-01-28 19:27:28.680648+00', 0, 'Auto-created when all order items were completed for order: ORD-67449426', 'b3c4713e-0faf-4075-9ffa-02c7c54166e4', NULL, 'delivered', '0.00', 'TRK-1769369286300');
INSERT INTO deliveries (id, created_at, updated_at, actual_delivery_date, batch_id, customer_email, customer_name, customer_phone, delivered_time, delivery_address, delivery_number, delivery_partner_id, delivery_partner_name, delivery_partner_phone, delivery_status, estimated_delivery_date, items_count, notes, order_id, pickup_time, status, total_value, tracking_number) VALUES ('7ec95bd3-9c0c-4ba4-9cc8-edf57bc28669', '2026-01-24 17:22:21.506717+00', '2026-01-24 17:22:21.506717+00', NULL, NULL, NULL, NULL, NULL, NULL, NULL, 'DEL-2026-01-24-176927-a36760f9', NULL, NULL, NULL, 'pending', '2026-01-27 17:22:21.506717+00', 0, 'Auto-created when all order items were completed for order: ORD-80996392', '64d03ae6-8628-4e14-940f-c90263a425c6', NULL, 'in_progress', '0.00', NULL);
INSERT INTO deliveries (id, created_at, updated_at, actual_delivery_date, batch_id, customer_email, customer_name, customer_phone, delivered_time, delivery_address, delivery_number, delivery_partner_id, delivery_partner_name, delivery_partner_phone, delivery_status, estimated_delivery_date, items_count, notes, order_id, pickup_time, status, total_value, tracking_number) VALUES ('7f6a87d7-391e-467a-b0e0-e2c6dc309944', '2026-01-24 16:58:47.527273+00', '2026-01-24 16:58:47.527273+00', NULL, NULL, NULL, NULL, NULL, NULL, NULL, 'TEST-DELIVERY-1769273927.527273', NULL, NULL, NULL, 'pending', '2026-01-27 16:58:47.527273+00', 0, 'Test delivery after constraint removal', '3a2be9a6-588a-4a93-9e04-999216891c31', NULL, 'in_progress', '0.00', NULL);
INSERT INTO deliveries (id, created_at, updated_at, actual_delivery_date, batch_id, customer_email, customer_name, customer_phone, delivered_time, delivery_address, delivery_number, delivery_partner_id, delivery_partner_name, delivery_partner_phone, delivery_status, estimated_delivery_date, items_count, notes, order_id, pickup_time, status, total_value, tracking_number) VALUES ('8cfde3b8-03ff-4611-9ef9-9aef3093197b', '2026-01-24 17:22:21.506717+00', '2026-01-24 17:22:21.506717+00', NULL, NULL, NULL, NULL, NULL, NULL, NULL, 'DEL-2026-01-24-176927-f72677d7', NULL, NULL, NULL, 'pending', '2026-01-27 17:22:21.506717+00', 0, 'Auto-created when all order items were completed for order: ORD-27558652', '5a504de3-a8c1-44f4-92bd-ab389a605f42', NULL, 'in_progress', '0.00', NULL);
INSERT INTO deliveries (id, created_at, updated_at, actual_delivery_date, batch_id, customer_email, customer_name, customer_phone, delivered_time, delivery_address, delivery_number, delivery_partner_id, delivery_partner_name, delivery_partner_phone, delivery_status, estimated_delivery_date, items_count, notes, order_id, pickup_time, status, total_value, tracking_number) VALUES ('af05d9d7-fa72-48af-b736-4f1b1cda105b', '2026-01-24 17:22:21.506717+00', '2026-01-24 17:22:21.506717+00', NULL, NULL, NULL, NULL, NULL, NULL, NULL, 'DEL-2026-01-24-176927-53cbc96f', NULL, NULL, NULL, 'pending', '2026-01-27 17:22:21.506717+00', 0, 'Auto-created when all order items were completed for order: ORD-97720548', '4a5142a3-2d8d-478f-bd59-c2f2655b99b7', NULL, 'in_progress', '0.00', NULL);
INSERT INTO deliveries (id, created_at, updated_at, actual_delivery_date, batch_id, customer_email, customer_name, customer_phone, delivered_time, delivery_address, delivery_number, delivery_partner_id, delivery_partner_name, delivery_partner_phone, delivery_status, estimated_delivery_date, items_count, notes, order_id, pickup_time, status, total_value, tracking_number) VALUES ('af393a8c-fd38-4322-a76a-bc4ca1eaeac2', '2026-01-24 17:22:21.506717+00', '2026-01-25 16:10:38.447749+00', NULL, NULL, NULL, NULL, NULL, NULL, NULL, 'DEL-2026-01-24-176927-53dc1206', '0a6890b4-f835-4687-aa92-ff53809fc11c', 'Ram', '9876543210', 'delivered', '2026-01-27 17:22:21.506717+00', 0, 'Auto-created when all order items were completed for order: ORD-40617048', '30671888-b26f-456c-bae4-cec69c1e6a49', NULL, 'in_progress', '0.00', NULL);
INSERT INTO deliveries (id, created_at, updated_at, actual_delivery_date, batch_id, customer_email, customer_name, customer_phone, delivered_time, delivery_address, delivery_number, delivery_partner_id, delivery_partner_name, delivery_partner_phone, delivery_status, estimated_delivery_date, items_count, notes, order_id, pickup_time, status, total_value, tracking_number) VALUES ('afc201c1-b8c6-4f5a-9b25-400f25386084', '2026-01-24 17:22:21.506717+00', '2026-01-25 20:09:56.407122+00', NULL, NULL, NULL, NULL, NULL, NULL, NULL, 'DEL-2026-01-24-176927-24f8a2da', '0a6890b4-f835-4687-aa92-ff53809fc11c', 'Ram', '9876543210', 'scheduled', '2026-01-27 17:22:21.506717+00', 0, 'Auto-created when all order items were completed for order: ORD-82754929', '49ffd9b0-628c-42b2-a4b3-23042aa6c275', NULL, 'delivered', '0.00', 'TRK-1769350741126');
INSERT INTO deliveries (id, created_at, updated_at, actual_delivery_date, batch_id, customer_email, customer_name, customer_phone, delivered_time, delivery_address, delivery_number, delivery_partner_id, delivery_partner_name, delivery_partner_phone, delivery_status, estimated_delivery_date, items_count, notes, order_id, pickup_time, status, total_value, tracking_number) VALUES ('b7509116-cb31-45bb-99a7-d1300ff2c8c0', '2026-01-24 17:22:21.506717+00', '2026-01-24 17:22:21.506717+00', NULL, NULL, NULL, NULL, NULL, NULL, NULL, 'DEL-2026-01-24-176927-cfbbf1c5', NULL, NULL, NULL, 'pending', '2026-01-27 17:22:21.506717+00', 0, 'Auto-created when all order items were completed for order: ORD-78197887', '0c09b0d9-f404-4715-8aa2-abc38d3d8720', NULL, 'in_progress', '0.00', NULL);
INSERT INTO deliveries (id, created_at, updated_at, actual_delivery_date, batch_id, customer_email, customer_name, customer_phone, delivered_time, delivery_address, delivery_number, delivery_partner_id, delivery_partner_name, delivery_partner_phone, delivery_status, estimated_delivery_date, items_count, notes, order_id, pickup_time, status, total_value, tracking_number) VALUES ('d9062f11-e272-4ab7-b403-346869b73a3f', '2026-01-25 17:47:51.113593+00', '2026-01-25 17:49:32.910903+00', NULL, NULL, NULL, NULL, NULL, NULL, NULL, 'DEL-2026-01-25-176936-1c6c3919', NULL, NULL, NULL, 'delivered', '2026-01-28 17:47:51.113593+00', 0, 'Auto-created when all order items were completed for order: ORD-46410701', 'bab1460e-0f2c-41a3-8efb-ba40eec61acd', NULL, 'in_progress', '0.00', NULL);
INSERT INTO deliveries (id, created_at, updated_at, actual_delivery_date, batch_id, customer_email, customer_name, customer_phone, delivered_time, delivery_address, delivery_number, delivery_partner_id, delivery_partner_name, delivery_partner_phone, delivery_status, estimated_delivery_date, items_count, notes, order_id, pickup_time, status, total_value, tracking_number) VALUES ('e5eb4d52-9124-45a1-a1f3-856e4573298b', '2026-01-25 17:47:51.113593+00', '2026-01-25 17:47:51.113593+00', NULL, NULL, NULL, NULL, NULL, NULL, NULL, 'DEL-2026-01-25-176936-8e6db9b5', NULL, NULL, NULL, 'pending', '2026-01-28 17:47:51.113593+00', 0, 'Auto-created when all order items were completed for order: ORD-67932407', '14cf586b-a754-4128-99bf-e0961fc87955', NULL, 'in_progress', '0.00', NULL);
INSERT INTO deliveries (id, created_at, updated_at, actual_delivery_date, batch_id, customer_email, customer_name, customer_phone, delivered_time, delivery_address, delivery_number, delivery_partner_id, delivery_partner_name, delivery_partner_phone, delivery_status, estimated_delivery_date, items_count, notes, order_id, pickup_time, status, total_value, tracking_number) VALUES ('f1590cab-ba7c-4d58-ab27-1805877d8d89', '2026-01-25 17:47:51.113593+00', '2026-01-25 17:47:51.113593+00', NULL, NULL, NULL, NULL, NULL, NULL, NULL, 'DEL-2026-01-25-176936-1ad310e4', NULL, NULL, NULL, 'pending', '2026-01-28 17:47:51.113593+00', 0, 'Auto-created when all order items were completed for order: ORD-58151409', '5d46802e-9064-44fc-8b82-aa5da83e9929', NULL, 'in_progress', '0.00', NULL);

-- INSERT statements for delivery_partners
INSERT INTO delivery_partners (id, created_at, contact_phone, is_active, name) VALUES ('0a6890b4-f835-4687-aa92-ff53809fc11c', '2026-01-25 07:14:03.893631+00', '9876543210', TRUE, 'Rapido');
INSERT INTO delivery_partners (id, created_at, contact_phone, is_active, name) VALUES ('0ab7f8ca-7a44-4113-bbf1-61d3f08007af', '2026-01-13 18:18:36.485961+00', '+91-98765-54321', TRUE, 'DTDC');
INSERT INTO delivery_partners (id, created_at, contact_phone, is_active, name) VALUES ('6b521c1a-984c-4ffb-b41f-0162fe77d205', '2026-01-13 18:18:36.485961+00', '+91-98765-54322', TRUE, 'Dispatch Solutions');
INSERT INTO delivery_partners (id, created_at, contact_phone, is_active, name) VALUES ('9f88457d-2762-462a-8b6f-c58e6b223d0b', '2026-01-13 18:18:36.485961+00', '+91-98765-54323', TRUE, 'Borzo');
